iso3,country,track,cell_id,cell_name,covered,years_covered,year_frac,best_tier,city_ready,best_dataset_id,best_dataset_name,notes
ARG,Argentina,mitigation,I.1,Residential buildings,1,10,1.0,T1,1,ARG-001,Inventario Nacional de Gases de Efecto Invernadero (INGEI) / Informe Nacional de Inventario (INI),
ARG,Argentina,mitigation,I.2,Commercial & institutional buildings,1,10,1.0,T1,1,ARG-001,Inventario Nacional de Gases de Efecto Invernadero (INGEI) / Informe Nacional de Inventario (INI),
ARG,Argentina,mitigation,I.3,Manufacturing industries & construction,1,10,1.0,T1,1,ARG-001,Inventario Nacional de Gases de Efecto Invernadero (INGEI) / Informe Nacional de Inventario (INI),
ARG,Argentina,mitigation,I.4,Energy industries,1,10,1.0,T1,1,ARG-001,Inventario Nacional de Gases de Efecto Invernadero (INGEI) / Informe Nacional de Inventario (INI),
ARG,Argentina,mitigation,I.5,"Agriculture, forestry & fishing energy",1,10,1.0,T1,0,ARG-001,Inventario Nacional de Gases de Efecto Invernadero (INGEI) / Informe Nacional de Inventario (INI),
ARG,Argentina,mitigation,I.6,Non-specified sources,0,0,0.0,,0,,,no usable dataset / gap
ARG,Argentina,mitigation,I.7,"Fugitive emissions from mining, processing, storage & transport of coal",1,9,0.9,T1,0,ARG-001,Inventario Nacional de Gases de Efecto Invernadero (INGEI) / Informe Nacional de Inventario (INI),
ARG,Argentina,mitigation,I.8,Fugitive emissions from oil & natural gas systems,1,10,1.0,T1,1,ARG-001,Inventario Nacional de Gases de Efecto Invernadero (INGEI) / Informe Nacional de Inventario (INI),
ARG,Argentina,mitigation,II.1,On-road transportation,1,10,1.0,T1,1,ARG-001,Inventario Nacional de Gases de Efecto Invernadero (INGEI) / Informe Nacional de Inventario (INI),
ARG,Argentina,mitigation,II.2,Railways,1,10,1.0,T1,1,ARG-001,Inventario Nacional de Gases de Efecto Invernadero (INGEI) / Informe Nacional de Inventario (INI),
ARG,Argentina,mitigation,II.3,Waterborne navigation,1,10,1.0,T1,0,ARG-001,Inventario Nacional de Gases de Efecto Invernadero (INGEI) / Informe Nacional de Inventario (INI),
ARG,Argentina,mitigation,II.4,Aviation,1,10,1.0,T1,1,ARG-001,Inventario Nacional de Gases de Efecto Invernadero (INGEI) / Informe Nacional de Inventario (INI),
ARG,Argentina,mitigation,II.5,Off-road transportation,1,9,0.9,T1,1,ARG-001,Inventario Nacional de Gases de Efecto Invernadero (INGEI) / Informe Nacional de Inventario (INI),
ARG,Argentina,mitigation,III.1,Solid waste disposal,1,10,1.0,T1,1,ARG-001,Inventario Nacional de Gases de Efecto Invernadero (INGEI) / Informe Nacional de Inventario (INI),
ARG,Argentina,mitigation,III.2,Biological treatment of waste,1,10,1.0,T1,1,ARG-001,Inventario Nacional de Gases de Efecto Invernadero (INGEI) / Informe Nacional de Inventario (INI),
ARG,Argentina,mitigation,III.3,Incineration & open burning,1,9,0.9,T1,0,ARG-001,Inventario Nacional de Gases de Efecto Invernadero (INGEI) / Informe Nacional de Inventario (INI),
ARG,Argentina,mitigation,III.4,Wastewater treatment & discharge,1,10,1.0,T1,1,ARG-001,Inventario Nacional de Gases de Efecto Invernadero (INGEI) / Informe Nacional de Inventario (INI),
ARG,Argentina,mitigation,IV.1,Industrial processes,1,10,1.0,T1,0,ARG-001,Inventario Nacional de Gases de Efecto Invernadero (INGEI) / Informe Nacional de Inventario (INI),
ARG,Argentina,mitigation,IV.2,Product use,1,9,0.9,T1,0,ARG-001,Inventario Nacional de Gases de Efecto Invernadero (INGEI) / Informe Nacional de Inventario (INI),
ARG,Argentina,mitigation,V.1,Livestock,1,10,1.0,T1,0,ARG-001,Inventario Nacional de Gases de Efecto Invernadero (INGEI) / Informe Nacional de Inventario (INI),
ARG,Argentina,mitigation,V.2,Land,1,10,1.0,T1,0,ARG-001,Inventario Nacional de Gases de Efecto Invernadero (INGEI) / Informe Nacional de Inventario (INI),
ARG,Argentina,mitigation,V.3,Aggregate sources & non-CO₂ emissions sources on land,1,10,1.0,T1,0,ARG-001,Inventario Nacional de Gases de Efecto Invernadero (INGEI) / Informe Nacional de Inventario (INI),
ARG,Argentina,mitigation,VI.1,Other Scope 3,1,0,0.0,T1,0,ARG-008,INDEC — Cuenta de emisiones al aire (CEA-GEI) / cuentas ambientales,
ARG,Argentina,adaptation,CCRA-001,Age Distribution,1,3,0.3,T1,1,ARG-A001,"INDEC Censo Nacional de Población, Hogares y Viviendas 2022 — radios censales (edad, NBI, vivienda, agua/saneamiento)",
ARG,Argentina,adaptation,CCRA-002,Agricultural GDP share,1,7,0.7,T1,0,ARG-A014,INDEC Censo Nacional Agropecuario 2018 + MAGyP land use / irrigation statistics,
ARG,Argentina,adaptation,CCRA-003,Agricultural establishment density,1,7,0.7,T1,0,ARG-A014,INDEC Censo Nacional Agropecuario 2018 + MAGyP land use / irrigation statistics,
ARG,Argentina,adaptation,CCRA-004,Agricultural land area,1,7,0.7,T1,0,ARG-A014,INDEC Censo Nacional Agropecuario 2018 + MAGyP land use / irrigation statistics,
ARG,Argentina,adaptation,CCRA-005,Areas of global conservation value,1,1,0.1,T1,1,ARG-A016,SIB / APN áreas protegidas + WDPA Argentina,
ARG,Argentina,adaptation,CCRA-006,Biodiversity Intactness Index (BII),1,1,0.1,T3,1,ARG-A017,Biodiversity Intactness Index + KBAs (Argentina),
ARG,Argentina,adaptation,CCRA-007,Confirmed disease cases,1,1,0.1,T1,1,ARG-A005,Ministerio de Salud / provincial health open data + OSM healthcare POIs,
ARG,Argentina,adaptation,CCRA-008,Dependence on large-scale irrigation,1,7,0.7,T1,0,ARG-A014,INDEC Censo Nacional Agropecuario 2018 + MAGyP land use / irrigation statistics,
ARG,Argentina,adaptation,CCRA-009,Electricity consumption,1,3,0.3,T1,1,ARG-A020,CAMMESA / Secretaría de Energía generation & SESCO; WRI Global Power Plant Database,
ARG,Argentina,adaptation,CCRA-010,Energy poverty,1,3,0.3,T1,1,ARG-A001,"INDEC Censo Nacional de Población, Hogares y Viviendas 2022 — radios censales (edad, NBI, vivienda, agua/saneamiento)",
ARG,Argentina,adaptation,CCRA-011,Flood Threat Index,1,1,0.1,T1,1,ARG-A006,INA / provincial flood hazard & floodplain studies + CABA/AMBA inundación open layers,
ARG,Argentina,adaptation,CCRA-012,Food production and marketing,1,7,0.7,T1,0,ARG-A014,INDEC Censo Nacional Agropecuario 2018 + MAGyP land use / irrigation statistics,
ARG,Argentina,adaptation,CCRA-013,Forest cover,1,1,0.1,T1,1,ARG-A015,UMSEF / Dirección de Bosques monitores + Hansen GFC + ESA WorldCover,
ARG,Argentina,adaptation,CCRA-014,Forest loss,1,1,0.1,T1,1,ARG-A015,UMSEF / Dirección de Bosques monitores + Hansen GFC + ESA WorldCover,
ARG,Argentina,adaptation,CCRA-015,Health and basic services access,1,3,0.3,T1,1,ARG-A001,"INDEC Censo Nacional de Población, Hogares y Viviendas 2022 — radios censales (edad, NBI, vivienda, agua/saneamiento)",
ARG,Argentina,adaptation,CCRA-016,Health facility density,1,1,0.1,T1,1,ARG-A005,Ministerio de Salud / provincial health open data + OSM healthcare POIs,
ARG,Argentina,adaptation,CCRA-017,Households in hazard-prone areas,1,2,0.2,T1,1,ARG-A003,INDEC Portal Geoestadístico — radios/fracciones/departamentos + IGN administrative boundaries,
ARG,Argentina,adaptation,CCRA-018,Inadequate Sanitation,1,3,0.3,T1,1,ARG-A001,"INDEC Censo Nacional de Población, Hogares y Viviendas 2022 — radios censales (edad, NBI, vivienda, agua/saneamiento)",
ARG,Argentina,adaptation,CCRA-019,Inadequate water access,1,3,0.3,T1,1,ARG-A001,"INDEC Censo Nacional de Población, Hogares y Viviendas 2022 — radios censales (edad, NBI, vivienda, agua/saneamiento)",
ARG,Argentina,adaptation,CCRA-020,Income,1,3,0.3,T1,1,ARG-A001,"INDEC Censo Nacional de Población, Hogares y Viviendas 2022 — radios censales (edad, NBI, vivienda, agua/saneamiento)",
ARG,Argentina,adaptation,CCRA-021,Industrial GDP share,1,1,0.1,T1,0,ARG-A018,INDEC Cuentas Nacionales / provincial GVA by industry (agro & industry shares),
ARG,Argentina,adaptation,CCRA-022,Landslide Susceptibility,1,1,0.1,T1,1,ARG-A013,SEGEMAR geological hazard / landslide inventories + provincial susceptibility (Andes/Sierras),
ARG,Argentina,adaptation,CCRA-023,Landslide Threat Index,1,1,0.1,T1,1,ARG-A013,SEGEMAR geological hazard / landslide inventories + provincial susceptibility (Andes/Sierras),
ARG,Argentina,adaptation,CCRA-024,Maximum Consecutive Dry Days (CDD),1,1,0.1,T1,1,ARG-A010,SMN observational climate + 3ra Comunicación Nacional / proyecciones climáticas nacionales,
ARG,Argentina,adaptation,CCRA-025,Maximum Precipitation 5 days (Rx5day),1,1,0.1,T1,1,ARG-A010,SMN observational climate + 3ra Comunicación Nacional / proyecciones climáticas nacionales,
ARG,Argentina,adaptation,CCRA-026,Maximum temperature,1,1,0.1,T1,1,ARG-A010,SMN observational climate + 3ra Comunicación Nacional / proyecciones climáticas nacionales,
ARG,Argentina,adaptation,CCRA-027,Natural vegetation cover,1,1,0.1,T1,1,ARG-A015,UMSEF / Dirección de Bosques monitores + Hansen GFC + ESA WorldCover,
ARG,Argentina,adaptation,CCRA-028,Population density,1,3,0.3,T1,1,ARG-A001,"INDEC Censo Nacional de Población, Hogares y Viviendas 2022 — radios censales (edad, NBI, vivienda, agua/saneamiento)",
ARG,Argentina,adaptation,CCRA-029,Port infrastructures,1,1,0.1,T1,1,ARG-A012,Servicio de Hidrografía Naval (SHN) / IPCC AR6 regional SLR + Río de la Plata coastal/sudestada studies,
ARG,Argentina,adaptation,CCRA-030,Power generation facilities,1,1,0.1,T1,1,ARG-A020,CAMMESA / Secretaría de Energía generation & SESCO; WRI Global Power Plant Database,
ARG,Argentina,adaptation,CCRA-031,Protected areas,1,1,0.1,T1,1,ARG-A016,SIB / APN áreas protegidas + WDPA Argentina,
ARG,Argentina,adaptation,CCRA-032,Railroad density,1,1,0.1,T1,1,ARG-A019,"IGN / OSM — roads, rail, ports, buildings; Microsoft footprints",
ARG,Argentina,adaptation,CCRA-033,Relative humidity,1,1,0.1,T1,1,ARG-A010,SMN observational climate + 3ra Comunicación Nacional / proyecciones climáticas nacionales,
ARG,Argentina,adaptation,CCRA-034,Road density,1,1,0.1,T1,1,ARG-A019,"IGN / OSM — roads, rail, ports, buildings; Microsoft footprints",
ARG,Argentina,adaptation,CCRA-035,Sea Level change,1,1,0.1,T1,1,ARG-A010,SMN observational climate + 3ra Comunicación Nacional / proyecciones climáticas nacionales,
ARG,Argentina,adaptation,CCRA-036,Standardized Precipitation Evapotranspiration Index (SPEI),1,1,0.1,T1,1,ARG-A010,SMN observational climate + 3ra Comunicación Nacional / proyecciones climáticas nacionales,
ARG,Argentina,adaptation,CCRA-037,Total precipitation,1,1,0.1,T1,1,ARG-A010,SMN observational climate + 3ra Comunicación Nacional / proyecciones climáticas nacionales,
ARG,Argentina,adaptation,CCRA-038,Urban infrastructure social vulnerability,1,3,0.3,T1,1,ARG-A001,"INDEC Censo Nacional de Población, Hogares y Viviendas 2022 — radios censales (edad, NBI, vivienda, agua/saneamiento)",
ARG,Argentina,adaptation,CCRA-039,Urban stormwater drainage coverage,0,0,0.0,,0,,,no usable dataset / gap
ARG,Argentina,adaptation,CCRA-040,Waste Collection,1,1,0.1,T1,1,ARG-A023,ENGIRSU / Observatorio RSU + CEAMSE (AMBA) + municipal waste open data,
ARG,Argentina,adaptation,CCRA-041,Water security index,1,1,0.1,T1,1,ARG-A010,SMN observational climate + 3ra Comunicación Nacional / proyecciones climáticas nacionales,
AUS,Australia,mitigation,I.1,Residential buildings,1,10,1.0,T1,1,AUS-001,Australia's National Greenhouse Accounts / National Inventory Report (NIR),
AUS,Australia,mitigation,I.2,Commercial & institutional buildings,1,10,1.0,T1,1,AUS-001,Australia's National Greenhouse Accounts / National Inventory Report (NIR),
AUS,Australia,mitigation,I.3,Manufacturing industries & construction,1,10,1.0,T1,1,AUS-001,Australia's National Greenhouse Accounts / National Inventory Report (NIR),
AUS,Australia,mitigation,I.4,Energy industries,1,10,1.0,T1,1,AUS-001,Australia's National Greenhouse Accounts / National Inventory Report (NIR),
AUS,Australia,mitigation,I.5,"Agriculture, forestry & fishing energy",1,10,1.0,T1,0,AUS-001,Australia's National Greenhouse Accounts / National Inventory Report (NIR),
AUS,Australia,mitigation,I.6,Non-specified sources,0,0,0.0,,0,,,no usable dataset / gap
AUS,Australia,mitigation,I.7,"Fugitive emissions from mining, processing, storage & transport of coal",1,10,1.0,T1,0,AUS-001,Australia's National Greenhouse Accounts / National Inventory Report (NIR),
AUS,Australia,mitigation,I.8,Fugitive emissions from oil & natural gas systems,1,10,1.0,T1,1,AUS-001,Australia's National Greenhouse Accounts / National Inventory Report (NIR),
AUS,Australia,mitigation,II.1,On-road transportation,1,10,1.0,T1,1,AUS-001,Australia's National Greenhouse Accounts / National Inventory Report (NIR),
AUS,Australia,mitigation,II.2,Railways,1,10,1.0,T1,1,AUS-001,Australia's National Greenhouse Accounts / National Inventory Report (NIR),
AUS,Australia,mitigation,II.3,Waterborne navigation,1,10,1.0,T1,0,AUS-001,Australia's National Greenhouse Accounts / National Inventory Report (NIR),
AUS,Australia,mitigation,II.4,Aviation,1,10,1.0,T1,0,AUS-001,Australia's National Greenhouse Accounts / National Inventory Report (NIR),
AUS,Australia,mitigation,II.5,Off-road transportation,1,10,1.0,T1,1,AUS-001,Australia's National Greenhouse Accounts / National Inventory Report (NIR),
AUS,Australia,mitigation,III.1,Solid waste disposal,1,10,1.0,T1,1,AUS-001,Australia's National Greenhouse Accounts / National Inventory Report (NIR),
AUS,Australia,mitigation,III.2,Biological treatment of waste,1,10,1.0,T1,1,AUS-001,Australia's National Greenhouse Accounts / National Inventory Report (NIR),
AUS,Australia,mitigation,III.3,Incineration & open burning,1,10,1.0,T1,1,AUS-001,Australia's National Greenhouse Accounts / National Inventory Report (NIR),
AUS,Australia,mitigation,III.4,Wastewater treatment & discharge,1,10,1.0,T1,1,AUS-001,Australia's National Greenhouse Accounts / National Inventory Report (NIR),
AUS,Australia,mitigation,IV.1,Industrial processes,1,10,1.0,T1,1,AUS-001,Australia's National Greenhouse Accounts / National Inventory Report (NIR),
AUS,Australia,mitigation,IV.2,Product use,1,10,1.0,T1,0,AUS-001,Australia's National Greenhouse Accounts / National Inventory Report (NIR),
AUS,Australia,mitigation,V.1,Livestock,1,10,1.0,T1,0,AUS-001,Australia's National Greenhouse Accounts / National Inventory Report (NIR),
AUS,Australia,mitigation,V.2,Land,1,10,1.0,T1,0,AUS-001,Australia's National Greenhouse Accounts / National Inventory Report (NIR),
AUS,Australia,mitigation,V.3,Aggregate sources & non-CO₂ emissions sources on land,1,10,1.0,T1,0,AUS-001,Australia's National Greenhouse Accounts / National Inventory Report (NIR),
AUS,Australia,mitigation,VI.1,Other Scope 3,1,1,0.1,T1,0,AUS-004,National Greenhouse Accounts Factors,
AUS,Australia,adaptation,CCRA-001,Age Distribution,1,9,0.9,T1,1,AUS-A001,"ABS Census of Population and Housing 2021 — SA1/SA2 General Community Profiles (age, income, housing, dwellings)",
AUS,Australia,adaptation,CCRA-002,Agricultural GDP share,1,1,0.1,T1,1,AUS-A016,ABARES / ABS Agricultural Census + Catchment Scale Land Use (CLUM) / irrigated agriculture layers,
AUS,Australia,adaptation,CCRA-003,Agricultural establishment density,1,1,0.1,T1,1,AUS-A016,ABARES / ABS Agricultural Census + Catchment Scale Land Use (CLUM) / irrigated agriculture layers,
AUS,Australia,adaptation,CCRA-004,Agricultural land area,1,1,0.1,T1,1,AUS-A016,ABARES / ABS Agricultural Census + Catchment Scale Land Use (CLUM) / irrigated agriculture layers,
AUS,Australia,adaptation,CCRA-005,Areas of global conservation value,1,1,0.1,T1,1,AUS-A018,Collaborative Australian Protected Areas Database (CAPAD) / WDPA,
AUS,Australia,adaptation,CCRA-006,Biodiversity Intactness Index (BII),1,1,0.1,T3,1,AUS-A019,Biodiversity Intactness Index + Key Biodiversity Areas (Australia),
AUS,Australia,adaptation,CCRA-007,Confirmed disease cases,1,1,0.1,T1,1,AUS-A005,AIHW / state health facility directories + OSM healthcare POIs,
AUS,Australia,adaptation,CCRA-008,Dependence on large-scale irrigation,1,1,0.1,T1,1,AUS-A016,ABARES / ABS Agricultural Census + Catchment Scale Land Use (CLUM) / irrigated agriculture layers,
AUS,Australia,adaptation,CCRA-009,Electricity consumption,1,1,0.1,T1,1,AUS-A022,AEMO / CER generator registers + WRI Global Power Plant Database,
AUS,Australia,adaptation,CCRA-010,Energy poverty,1,9,0.9,T1,1,AUS-A001,"ABS Census of Population and Housing 2021 — SA1/SA2 General Community Profiles (age, income, housing, dwellings)",
AUS,Australia,adaptation,CCRA-011,Flood Threat Index,1,7,0.7,T1,1,AUS-A006,Australian Flood Risk Information Portal (AFRIP) / GA Flood Study Database + WMS/WFS,
AUS,Australia,adaptation,CCRA-012,Food production and marketing,1,1,0.1,T1,1,AUS-A016,ABARES / ABS Agricultural Census + Catchment Scale Land Use (CLUM) / irrigated agriculture layers,
AUS,Australia,adaptation,CCRA-013,Forest cover,1,1,0.1,T1,1,AUS-A017,Australia's State of the Forests / National Forest Inventory + Hansen GFC + DEA land cover,
AUS,Australia,adaptation,CCRA-014,Forest loss,1,1,0.1,T1,1,AUS-A017,Australia's State of the Forests / National Forest Inventory + Hansen GFC + DEA land cover,
AUS,Australia,adaptation,CCRA-015,Health and basic services access,1,9,0.9,T1,1,AUS-A001,"ABS Census of Population and Housing 2021 — SA1/SA2 General Community Profiles (age, income, housing, dwellings)",
AUS,Australia,adaptation,CCRA-016,Health facility density,1,1,0.1,T1,1,AUS-A005,AIHW / state health facility directories + OSM healthcare POIs,
AUS,Australia,adaptation,CCRA-017,Households in hazard-prone areas,1,7,0.7,T1,1,AUS-A003,ABS ASGS Edition 3 digital boundaries (Mesh Block / SA1 / SA2 / LGA / GCCSA),
AUS,Australia,adaptation,CCRA-018,Inadequate Sanitation,1,9,0.9,T1,1,AUS-A001,"ABS Census of Population and Housing 2021 — SA1/SA2 General Community Profiles (age, income, housing, dwellings)",
AUS,Australia,adaptation,CCRA-019,Inadequate water access,1,9,0.9,T1,1,AUS-A001,"ABS Census of Population and Housing 2021 — SA1/SA2 General Community Profiles (age, income, housing, dwellings)",
AUS,Australia,adaptation,CCRA-020,Income,1,9,0.9,T1,1,AUS-A001,"ABS Census of Population and Housing 2021 — SA1/SA2 General Community Profiles (age, income, housing, dwellings)",
AUS,Australia,adaptation,CCRA-021,Industrial GDP share,1,1,0.1,T1,0,AUS-A020,ABS National Accounts / state GVA by industry (agriculture & industry shares),
AUS,Australia,adaptation,CCRA-022,Landslide Susceptibility,1,1,0.1,T1,1,AUS-A015,GA National Landslide Database / state landslide susceptibility inventories + DEM drivers,
AUS,Australia,adaptation,CCRA-023,Landslide Threat Index,1,1,0.1,T1,1,AUS-A015,GA National Landslide Database / state landslide susceptibility inventories + DEM drivers,
AUS,Australia,adaptation,CCRA-024,Maximum Consecutive Dry Days (CDD),1,1,0.1,T1,1,AUS-A011,Climate Change in Australia / NCRA / CSIRO–BoM national climate projections (CMIP),
AUS,Australia,adaptation,CCRA-025,Maximum Precipitation 5 days (Rx5day),1,1,0.1,T1,1,AUS-A011,Climate Change in Australia / NCRA / CSIRO–BoM national climate projections (CMIP),
AUS,Australia,adaptation,CCRA-026,Maximum temperature,1,1,0.1,T1,1,AUS-A011,Climate Change in Australia / NCRA / CSIRO–BoM national climate projections (CMIP),
AUS,Australia,adaptation,CCRA-027,Natural vegetation cover,1,1,0.1,T1,1,AUS-A017,Australia's State of the Forests / National Forest Inventory + Hansen GFC + DEA land cover,
AUS,Australia,adaptation,CCRA-028,Population density,1,9,0.9,T1,1,AUS-A001,"ABS Census of Population and Housing 2021 — SA1/SA2 General Community Profiles (age, income, housing, dwellings)",
AUS,Australia,adaptation,CCRA-029,Port infrastructures,1,1,0.1,T1,1,AUS-A014,CoastAdapt / Canute / GA coastal + IPCC AR6 regional SLR; state coastal hazard overlays,
AUS,Australia,adaptation,CCRA-030,Power generation facilities,1,1,0.1,T1,1,AUS-A022,AEMO / CER generator registers + WRI Global Power Plant Database,
AUS,Australia,adaptation,CCRA-031,Protected areas,1,1,0.1,T1,1,AUS-A018,Collaborative Australian Protected Areas Database (CAPAD) / WDPA,
AUS,Australia,adaptation,CCRA-032,Railroad density,1,1,0.1,T1,1,AUS-A021,"Geoscape / OSM / PSMA — roads, rail, ports, buildings; Microsoft footprints",
AUS,Australia,adaptation,CCRA-033,Relative humidity,1,1,0.1,T1,1,AUS-A012,Bureau of Meteorology climate grids / AWAP / AGCD + drought statements; SPEI/CDD/Rx5day derivable,
AUS,Australia,adaptation,CCRA-034,Road density,1,1,0.1,T1,1,AUS-A021,"Geoscape / OSM / PSMA — roads, rail, ports, buildings; Microsoft footprints",
AUS,Australia,adaptation,CCRA-035,Sea Level change,1,1,0.1,T1,1,AUS-A011,Climate Change in Australia / NCRA / CSIRO–BoM national climate projections (CMIP),
AUS,Australia,adaptation,CCRA-036,Standardized Precipitation Evapotranspiration Index (SPEI),1,1,0.1,T1,1,AUS-A011,Climate Change in Australia / NCRA / CSIRO–BoM national climate projections (CMIP),
AUS,Australia,adaptation,CCRA-037,Total precipitation,1,1,0.1,T1,1,AUS-A011,Climate Change in Australia / NCRA / CSIRO–BoM national climate projections (CMIP),
AUS,Australia,adaptation,CCRA-038,Urban infrastructure social vulnerability,1,9,0.9,T1,1,AUS-A001,"ABS Census of Population and Housing 2021 — SA1/SA2 General Community Profiles (age, income, housing, dwellings)",
AUS,Australia,adaptation,CCRA-039,Urban stormwater drainage coverage,0,0,0.0,,0,,,no usable dataset / gap
AUS,Australia,adaptation,CCRA-040,Waste Collection,1,1,0.1,T1,1,AUS-A025,ABS / state waste statistics + council kerbside collection open data,
AUS,Australia,adaptation,CCRA-041,Water security index,1,1,0.1,T1,1,AUS-A012,Bureau of Meteorology climate grids / AWAP / AGCD + drought statements; SPEI/CDD/Rx5day derivable,
CAN,Canada,mitigation,I.1,Residential buildings,1,10,1.0,T1,1,CAN-001,Canada's Official Greenhouse Gas Inventory / National Inventory Report (NIR),
CAN,Canada,mitigation,I.2,Commercial & institutional buildings,1,10,1.0,T1,1,CAN-001,Canada's Official Greenhouse Gas Inventory / National Inventory Report (NIR),
CAN,Canada,mitigation,I.3,Manufacturing industries & construction,1,10,1.0,T1,1,CAN-001,Canada's Official Greenhouse Gas Inventory / National Inventory Report (NIR),
CAN,Canada,mitigation,I.4,Energy industries,1,10,1.0,T1,1,CAN-001,Canada's Official Greenhouse Gas Inventory / National Inventory Report (NIR),
CAN,Canada,mitigation,I.5,"Agriculture, forestry & fishing energy",1,10,1.0,T1,0,CAN-001,Canada's Official Greenhouse Gas Inventory / National Inventory Report (NIR),
CAN,Canada,mitigation,I.6,Non-specified sources,0,0,0.0,,0,,,no usable dataset / gap
CAN,Canada,mitigation,I.7,"Fugitive emissions from mining, processing, storage & transport of coal",1,10,1.0,T1,0,CAN-001,Canada's Official Greenhouse Gas Inventory / National Inventory Report (NIR),
CAN,Canada,mitigation,I.8,Fugitive emissions from oil & natural gas systems,1,10,1.0,T1,1,CAN-001,Canada's Official Greenhouse Gas Inventory / National Inventory Report (NIR),
CAN,Canada,mitigation,II.1,On-road transportation,1,10,1.0,T1,1,CAN-001,Canada's Official Greenhouse Gas Inventory / National Inventory Report (NIR),
CAN,Canada,mitigation,II.2,Railways,1,10,1.0,T1,1,CAN-001,Canada's Official Greenhouse Gas Inventory / National Inventory Report (NIR),
CAN,Canada,mitigation,II.3,Waterborne navigation,1,10,1.0,T1,0,CAN-001,Canada's Official Greenhouse Gas Inventory / National Inventory Report (NIR),
CAN,Canada,mitigation,II.4,Aviation,1,10,1.0,T1,1,CAN-001,Canada's Official Greenhouse Gas Inventory / National Inventory Report (NIR),
CAN,Canada,mitigation,II.5,Off-road transportation,1,10,1.0,T1,1,CAN-001,Canada's Official Greenhouse Gas Inventory / National Inventory Report (NIR),
CAN,Canada,mitigation,III.1,Solid waste disposal,1,10,1.0,T1,1,CAN-001,Canada's Official Greenhouse Gas Inventory / National Inventory Report (NIR),
CAN,Canada,mitigation,III.2,Biological treatment of waste,1,10,1.0,T1,1,CAN-001,Canada's Official Greenhouse Gas Inventory / National Inventory Report (NIR),
CAN,Canada,mitigation,III.3,Incineration & open burning,1,10,1.0,T1,1,CAN-001,Canada's Official Greenhouse Gas Inventory / National Inventory Report (NIR),
CAN,Canada,mitigation,III.4,Wastewater treatment & discharge,1,10,1.0,T1,1,CAN-001,Canada's Official Greenhouse Gas Inventory / National Inventory Report (NIR),
CAN,Canada,mitigation,IV.1,Industrial processes,1,10,1.0,T1,1,CAN-001,Canada's Official Greenhouse Gas Inventory / National Inventory Report (NIR),
CAN,Canada,mitigation,IV.2,Product use,1,10,1.0,T1,1,CAN-001,Canada's Official Greenhouse Gas Inventory / National Inventory Report (NIR),
CAN,Canada,mitigation,V.1,Livestock,1,10,1.0,T1,0,CAN-001,Canada's Official Greenhouse Gas Inventory / National Inventory Report (NIR),
CAN,Canada,mitigation,V.2,Land,1,10,1.0,T1,1,CAN-001,Canada's Official Greenhouse Gas Inventory / National Inventory Report (NIR),
CAN,Canada,mitigation,V.3,Aggregate sources & non-CO₂ emissions sources on land,1,10,1.0,T1,0,CAN-001,Canada's Official Greenhouse Gas Inventory / National Inventory Report (NIR),
CAN,Canada,mitigation,VI.1,Other Scope 3,1,10,1.0,T1,0,CAN-003,Canadian System of Environmental-Economic Accounts — energy use & GHG (SEEA PFA),
CAN,Canada,adaptation,CCRA-001,Age Distribution,1,10,1.0,T1,1,CAN-A001,"Statistics Canada Census of Population 2021 — Dissemination Area profiles (age, income, housing, dwelling)",
CAN,Canada,adaptation,CCRA-002,Agricultural GDP share,1,1,0.1,T1,1,CAN-A016,AAFC Annual Crop Inventory + Census of Agriculture,
CAN,Canada,adaptation,CCRA-003,Agricultural establishment density,1,1,0.1,T1,1,CAN-A016,AAFC Annual Crop Inventory + Census of Agriculture,
CAN,Canada,adaptation,CCRA-004,Agricultural land area,1,1,0.1,T1,1,CAN-A016,AAFC Annual Crop Inventory + Census of Agriculture,
CAN,Canada,adaptation,CCRA-005,Areas of global conservation value,1,1,0.1,T1,1,CAN-A018,Canadian Protected and Conserved Areas Database (CPCAD) / WDPA,
CAN,Canada,adaptation,CCRA-006,Biodiversity Intactness Index (BII),1,1,0.1,T3,1,CAN-A019,Biodiversity Intactness Index + KBAs (Canada),
CAN,Canada,adaptation,CCRA-007,Confirmed disease cases,1,1,0.1,T1,0,CAN-A005,CCHS / provincial health indicators; PHAC disease surveillance (aggregates),
CAN,Canada,adaptation,CCRA-008,Dependence on large-scale irrigation,1,1,0.1,T1,1,CAN-A016,AAFC Annual Crop Inventory + Census of Agriculture,
CAN,Canada,adaptation,CCRA-009,Electricity consumption,1,1,0.1,T1,0,CAN-A025,StatCan / CER energy use; provincial utility open data; energy poverty research,
CAN,Canada,adaptation,CCRA-010,Energy poverty,1,10,1.0,T1,1,CAN-A001,"Statistics Canada Census of Population 2021 — Dissemination Area profiles (age, income, housing, dwelling)",
CAN,Canada,adaptation,CCRA-011,Flood Threat Index,1,10,1.0,T1,1,CAN-A006,"NRCan Flood Susceptibility Mapping (historic, trends, future) — national ~30 m",
CAN,Canada,adaptation,CCRA-012,Food production and marketing,1,1,0.1,T1,1,CAN-A016,AAFC Annual Crop Inventory + Census of Agriculture,
CAN,Canada,adaptation,CCRA-013,Forest cover,1,1,0.1,T1,1,CAN-A017,"NRCAN / CFS forest inventories, Hansen GFC, ESA WorldCover",
CAN,Canada,adaptation,CCRA-014,Forest loss,1,1,0.1,T1,1,CAN-A017,"NRCAN / CFS forest inventories, Hansen GFC, ESA WorldCover",
CAN,Canada,adaptation,CCRA-015,Health and basic services access,1,10,1.0,T1,1,CAN-A001,"Statistics Canada Census of Population 2021 — Dissemination Area profiles (age, income, housing, dwelling)",
CAN,Canada,adaptation,CCRA-016,Health facility density,1,1,0.1,T1,1,CAN-A005,CCHS / provincial health indicators; PHAC disease surveillance (aggregates),
CAN,Canada,adaptation,CCRA-017,Households in hazard-prone areas,1,10,1.0,T1,1,CAN-A002,Statistics Canada Census Boundary Files + Cartographic Boundary Files (DA/CSD/CT),
CAN,Canada,adaptation,CCRA-018,Inadequate Sanitation,1,9,0.9,T1,1,CAN-A001,"Statistics Canada Census of Population 2021 — Dissemination Area profiles (age, income, housing, dwelling)",
CAN,Canada,adaptation,CCRA-019,Inadequate water access,1,9,0.9,T1,1,CAN-A001,"Statistics Canada Census of Population 2021 — Dissemination Area profiles (age, income, housing, dwelling)",
CAN,Canada,adaptation,CCRA-020,Income,1,10,1.0,T1,1,CAN-A001,"Statistics Canada Census of Population 2021 — Dissemination Area profiles (age, income, housing, dwelling)",
CAN,Canada,adaptation,CCRA-021,Industrial GDP share,1,1,0.1,T1,0,CAN-A020,StatCan National Accounts / provincial GDP by industry,
CAN,Canada,adaptation,CCRA-022,Landslide Susceptibility,1,1,0.1,T1,1,CAN-A009,GSC / provincial landslide inventories & susceptibility products,
CAN,Canada,adaptation,CCRA-023,Landslide Threat Index,1,1,0.1,T1,1,CAN-A009,GSC / provincial landslide inventories & susceptibility products,
CAN,Canada,adaptation,CCRA-024,Maximum Consecutive Dry Days (CDD),1,1,0.1,T1,1,CAN-A011,"ClimateData.ca / ECCC climate normals, extremes, and CMIP projections",
CAN,Canada,adaptation,CCRA-025,Maximum Precipitation 5 days (Rx5day),1,1,0.1,T1,1,CAN-A011,"ClimateData.ca / ECCC climate normals, extremes, and CMIP projections",
CAN,Canada,adaptation,CCRA-026,Maximum temperature,1,1,0.1,T1,1,CAN-A011,"ClimateData.ca / ECCC climate normals, extremes, and CMIP projections",
CAN,Canada,adaptation,CCRA-027,Natural vegetation cover,1,1,0.1,T1,1,CAN-A017,"NRCAN / CFS forest inventories, Hansen GFC, ESA WorldCover",
CAN,Canada,adaptation,CCRA-028,Population density,1,9,0.9,T1,1,CAN-A001,"Statistics Canada Census of Population 2021 — Dissemination Area profiles (age, income, housing, dwelling)",
CAN,Canada,adaptation,CCRA-029,Port infrastructures,1,1,0.1,T1,1,CAN-A014,CanCoast coastal sensitivity indices + relative sea-level change,
CAN,Canada,adaptation,CCRA-030,Power generation facilities,1,1,0.1,T1,1,CAN-A024,CER / WRI Global Power Plant Database — generation facilities,
CAN,Canada,adaptation,CCRA-031,Protected areas,1,1,0.1,T1,1,CAN-A018,Canadian Protected and Conserved Areas Database (CPCAD) / WDPA,
CAN,Canada,adaptation,CCRA-032,Railroad density,1,1,0.1,T1,1,CAN-A021,"National Road Network / CanVec / OpenStreetMap — roads, rail, ports, buildings",
CAN,Canada,adaptation,CCRA-033,Relative humidity,1,1,0.1,T1,1,CAN-A011,"ClimateData.ca / ECCC climate normals, extremes, and CMIP projections",
CAN,Canada,adaptation,CCRA-034,Road density,1,1,0.1,T1,1,CAN-A021,"National Road Network / CanVec / OpenStreetMap — roads, rail, ports, buildings",
CAN,Canada,adaptation,CCRA-035,Sea Level change,1,1,0.1,T1,1,CAN-A014,CanCoast coastal sensitivity indices + relative sea-level change,
CAN,Canada,adaptation,CCRA-036,Standardized Precipitation Evapotranspiration Index (SPEI),1,1,0.1,T1,1,CAN-A011,"ClimateData.ca / ECCC climate normals, extremes, and CMIP projections",
CAN,Canada,adaptation,CCRA-037,Total precipitation,1,1,0.1,T1,1,CAN-A011,"ClimateData.ca / ECCC climate normals, extremes, and CMIP projections",
CAN,Canada,adaptation,CCRA-038,Urban infrastructure social vulnerability,1,10,1.0,T1,1,CAN-A001,"Statistics Canada Census of Population 2021 — Dissemination Area profiles (age, income, housing, dwelling)",
CAN,Canada,adaptation,CCRA-039,Urban stormwater drainage coverage,1,1,0.1,T2,1,CAN-A037,OEF Flood / Heat / Landslide mechanism-type layers (NbS screening),
CAN,Canada,adaptation,CCRA-040,Waste Collection,1,9,0.9,T1,1,CAN-A001,"Statistics Canada Census of Population 2021 — Dissemination Area profiles (age, income, housing, dwelling)",
CAN,Canada,adaptation,CCRA-041,Water security index,1,1,0.1,T2,1,CAN-A027,WRI Aqueduct Water Risk + StatCan water use / municipal water surveys,
CRI,Costa Rica,mitigation,I.1,Residential buildings,1,10,1.0,T1,1,CRI-001,Inventario Nacional de Gases de Efecto Invernadero (INGEI) — IMN/DCC,
CRI,Costa Rica,mitigation,I.2,Commercial & institutional buildings,1,10,1.0,T1,1,CRI-001,Inventario Nacional de Gases de Efecto Invernadero (INGEI) — IMN/DCC,
CRI,Costa Rica,mitigation,I.3,Manufacturing industries & construction,1,10,1.0,T1,1,CRI-001,Inventario Nacional de Gases de Efecto Invernadero (INGEI) — IMN/DCC,
CRI,Costa Rica,mitigation,I.4,Energy industries,1,10,1.0,T1,1,CRI-001,Inventario Nacional de Gases de Efecto Invernadero (INGEI) — IMN/DCC,
CRI,Costa Rica,mitigation,I.5,"Agriculture, forestry & fishing energy",1,10,1.0,T1,1,CRI-001,Inventario Nacional de Gases de Efecto Invernadero (INGEI) — IMN/DCC,
CRI,Costa Rica,mitigation,I.6,Non-specified sources,0,0,0.0,,0,,,no usable dataset / gap
CRI,Costa Rica,mitigation,I.7,"Fugitive emissions from mining, processing, storage & transport of coal",0,0,0.0,,0,,,no usable dataset / gap
CRI,Costa Rica,mitigation,I.8,Fugitive emissions from oil & natural gas systems,1,7,0.7,T1,0,CRI-001,Inventario Nacional de Gases de Efecto Invernadero (INGEI) — IMN/DCC,
CRI,Costa Rica,mitigation,II.1,On-road transportation,1,10,1.0,T1,1,CRI-001,Inventario Nacional de Gases de Efecto Invernadero (INGEI) — IMN/DCC,
CRI,Costa Rica,mitigation,II.2,Railways,1,10,1.0,T1,1,CRI-001,Inventario Nacional de Gases de Efecto Invernadero (INGEI) — IMN/DCC,
CRI,Costa Rica,mitigation,II.3,Waterborne navigation,1,10,1.0,T1,1,CRI-001,Inventario Nacional de Gases de Efecto Invernadero (INGEI) — IMN/DCC,
CRI,Costa Rica,mitigation,II.4,Aviation,1,10,1.0,T1,1,CRI-001,Inventario Nacional de Gases de Efecto Invernadero (INGEI) — IMN/DCC,
CRI,Costa Rica,mitigation,II.5,Off-road transportation,1,10,1.0,T1,1,CRI-001,Inventario Nacional de Gases de Efecto Invernadero (INGEI) — IMN/DCC,
CRI,Costa Rica,mitigation,III.1,Solid waste disposal,1,10,1.0,T1,1,CRI-001,Inventario Nacional de Gases de Efecto Invernadero (INGEI) — IMN/DCC,
CRI,Costa Rica,mitigation,III.2,Biological treatment of waste,1,9,0.9,T1,1,CRI-001,Inventario Nacional de Gases de Efecto Invernadero (INGEI) — IMN/DCC,
CRI,Costa Rica,mitigation,III.3,Incineration & open burning,1,9,0.9,T1,1,CRI-001,Inventario Nacional de Gases de Efecto Invernadero (INGEI) — IMN/DCC,
CRI,Costa Rica,mitigation,III.4,Wastewater treatment & discharge,1,10,1.0,T1,1,CRI-001,Inventario Nacional de Gases de Efecto Invernadero (INGEI) — IMN/DCC,
CRI,Costa Rica,mitigation,IV.1,Industrial processes,1,10,1.0,T1,1,CRI-001,Inventario Nacional de Gases de Efecto Invernadero (INGEI) — IMN/DCC,
CRI,Costa Rica,mitigation,IV.2,Product use,1,10,1.0,T1,1,CRI-001,Inventario Nacional de Gases de Efecto Invernadero (INGEI) — IMN/DCC,
CRI,Costa Rica,mitigation,V.1,Livestock,1,10,1.0,T1,1,CRI-001,Inventario Nacional de Gases de Efecto Invernadero (INGEI) — IMN/DCC,
CRI,Costa Rica,mitigation,V.2,Land,1,10,1.0,T1,1,CRI-001,Inventario Nacional de Gases de Efecto Invernadero (INGEI) — IMN/DCC,
CRI,Costa Rica,mitigation,V.3,Aggregate sources & non-CO₂ emissions sources on land,1,10,1.0,T1,0,CRI-001,Inventario Nacional de Gases de Efecto Invernadero (INGEI) — IMN/DCC,
CRI,Costa Rica,mitigation,VI.1,Other Scope 3,1,10,1.0,T1,1,CRI-002,SINAMECC — Sistema Nacional de Métrica de Cambio Climático (datos abiertos),
CRI,Costa Rica,adaptation,CCRA-001,Age Distribution,1,3,0.3,T1,1,CRI-A001,INEC Censo 2011 + Estimaciones de población y vivienda 2022 (distrito) / proyecciones 2000–2050,
CRI,Costa Rica,adaptation,CCRA-002,Agricultural GDP share,1,1,0.1,T1,0,CRI-A013,INEC Encuesta Nacional Agropecuaria (ENA) + MAG land use / SENARA irrigation districts,
CRI,Costa Rica,adaptation,CCRA-003,Agricultural establishment density,1,1,0.1,T1,0,CRI-A013,INEC Encuesta Nacional Agropecuaria (ENA) + MAG land use / SENARA irrigation districts,
CRI,Costa Rica,adaptation,CCRA-004,Agricultural land area,1,1,0.1,T1,0,CRI-A013,INEC Encuesta Nacional Agropecuaria (ENA) + MAG land use / SENARA irrigation districts,
CRI,Costa Rica,adaptation,CCRA-005,Areas of global conservation value,1,1,0.1,T1,1,CRI-A015,SINAC Áreas Silvestres Protegidas (ASP) + WDPA Costa Rica,
CRI,Costa Rica,adaptation,CCRA-006,Biodiversity Intactness Index (BII),1,1,0.1,T3,1,CRI-A016,Biodiversity Intactness Index + KBAs (Costa Rica),
CRI,Costa Rica,adaptation,CCRA-007,Confirmed disease cases,1,1,0.1,T1,1,CRI-A005,Ministerio de Salud / CCSS establecimientos + OSM healthcare POIs,
CRI,Costa Rica,adaptation,CCRA-008,Dependence on large-scale irrigation,1,1,0.1,T1,0,CRI-A013,INEC Encuesta Nacional Agropecuaria (ENA) + MAG land use / SENARA irrigation districts,
CRI,Costa Rica,adaptation,CCRA-009,Electricity consumption,1,1,0.1,T1,1,CRI-A019,ICE / ARESEP generation & plant registers; WRI Global Power Plant Database,
CRI,Costa Rica,adaptation,CCRA-010,Energy poverty,1,10,1.0,T1,1,CRI-A001,INEC Censo 2011 + Estimaciones de población y vivienda 2022 (distrito) / proyecciones 2000–2050,
CRI,Costa Rica,adaptation,CCRA-011,Flood Threat Index,1,1,0.1,T1,1,CRI-A006,CNE threat layers via SNIT — áreas con potencial a inundación + deslizamientos / mapas de amenaza,
CRI,Costa Rica,adaptation,CCRA-012,Food production and marketing,1,1,0.1,T1,0,CRI-A013,INEC Encuesta Nacional Agropecuaria (ENA) + MAG land use / SENARA irrigation districts,
CRI,Costa Rica,adaptation,CCRA-013,Forest cover,1,1,0.1,T1,1,CRI-A014,SINAC / FONAFIFO forest & land-cover products + Hansen GFC,
CRI,Costa Rica,adaptation,CCRA-014,Forest loss,1,1,0.1,T1,1,CRI-A014,SINAC / FONAFIFO forest & land-cover products + Hansen GFC,
CRI,Costa Rica,adaptation,CCRA-015,Health and basic services access,1,10,1.0,T1,1,CRI-A001,INEC Censo 2011 + Estimaciones de población y vivienda 2022 (distrito) / proyecciones 2000–2050,
CRI,Costa Rica,adaptation,CCRA-016,Health facility density,1,1,0.1,T1,1,CRI-A005,Ministerio de Salud / CCSS establecimientos + OSM healthcare POIs,
CRI,Costa Rica,adaptation,CCRA-017,Households in hazard-prone areas,1,1,0.1,T1,1,CRI-A003,IGN / SNIT límites distritales y cantonales + cartografía oficial,
CRI,Costa Rica,adaptation,CCRA-018,Inadequate Sanitation,1,3,0.3,T1,1,CRI-A001,INEC Censo 2011 + Estimaciones de población y vivienda 2022 (distrito) / proyecciones 2000–2050,
CRI,Costa Rica,adaptation,CCRA-019,Inadequate water access,1,3,0.3,T1,1,CRI-A001,INEC Censo 2011 + Estimaciones de población y vivienda 2022 (distrito) / proyecciones 2000–2050,
CRI,Costa Rica,adaptation,CCRA-020,Income,1,10,1.0,T1,1,CRI-A001,INEC Censo 2011 + Estimaciones de población y vivienda 2022 (distrito) / proyecciones 2000–2050,
CRI,Costa Rica,adaptation,CCRA-021,Industrial GDP share,1,1,0.1,T1,0,CRI-A017,BCCR / INEC national accounts — agriculture & industry GDP shares,
CRI,Costa Rica,adaptation,CCRA-022,Landslide Susceptibility,1,1,0.1,T1,1,CRI-A006,CNE threat layers via SNIT — áreas con potencial a inundación + deslizamientos / mapas de amenaza,
CRI,Costa Rica,adaptation,CCRA-023,Landslide Threat Index,1,1,0.1,T1,1,CRI-A006,CNE threat layers via SNIT — áreas con potencial a inundación + deslizamientos / mapas de amenaza,
CRI,Costa Rica,adaptation,CCRA-024,Maximum Consecutive Dry Days (CDD),1,1,0.1,T1,1,CRI-A010,IMN climate observations + proyecciones regionalizadas (RCP/SSP) / análisis de riesgo hidrometeorológico,
CRI,Costa Rica,adaptation,CCRA-025,Maximum Precipitation 5 days (Rx5day),1,1,0.1,T1,1,CRI-A010,IMN climate observations + proyecciones regionalizadas (RCP/SSP) / análisis de riesgo hidrometeorológico,
CRI,Costa Rica,adaptation,CCRA-026,Maximum temperature,1,1,0.1,T1,1,CRI-A010,IMN climate observations + proyecciones regionalizadas (RCP/SSP) / análisis de riesgo hidrometeorológico,
CRI,Costa Rica,adaptation,CCRA-027,Natural vegetation cover,1,1,0.1,T1,1,CRI-A014,SINAC / FONAFIFO forest & land-cover products + Hansen GFC,
CRI,Costa Rica,adaptation,CCRA-028,Population density,1,3,0.3,T1,1,CRI-A001,INEC Censo 2011 + Estimaciones de población y vivienda 2022 (distrito) / proyecciones 2000–2050,
CRI,Costa Rica,adaptation,CCRA-029,Port infrastructures,1,1,0.1,T1,1,CRI-A012,IMN / MINAE / coastal studies + IPCC AR6 regional SLR (Pacífico & Caribe),
CRI,Costa Rica,adaptation,CCRA-030,Power generation facilities,1,1,0.1,T1,1,CRI-A019,ICE / ARESEP generation & plant registers; WRI Global Power Plant Database,
CRI,Costa Rica,adaptation,CCRA-031,Protected areas,1,1,0.1,T1,1,CRI-A015,SINAC Áreas Silvestres Protegidas (ASP) + WDPA Costa Rica,
CRI,Costa Rica,adaptation,CCRA-032,Railroad density,1,1,0.1,T1,1,CRI-A018,"IGN / MOPT / OSM — roads, rail, ports, buildings; Microsoft footprints",
CRI,Costa Rica,adaptation,CCRA-033,Relative humidity,1,1,0.1,T1,1,CRI-A010,IMN climate observations + proyecciones regionalizadas (RCP/SSP) / análisis de riesgo hidrometeorológico,
CRI,Costa Rica,adaptation,CCRA-034,Road density,1,1,0.1,T1,1,CRI-A018,"IGN / MOPT / OSM — roads, rail, ports, buildings; Microsoft footprints",
CRI,Costa Rica,adaptation,CCRA-035,Sea Level change,1,1,0.1,T1,1,CRI-A010,IMN climate observations + proyecciones regionalizadas (RCP/SSP) / análisis de riesgo hidrometeorológico,
CRI,Costa Rica,adaptation,CCRA-036,Standardized Precipitation Evapotranspiration Index (SPEI),1,1,0.1,T1,1,CRI-A010,IMN climate observations + proyecciones regionalizadas (RCP/SSP) / análisis de riesgo hidrometeorológico,
CRI,Costa Rica,adaptation,CCRA-037,Total precipitation,1,1,0.1,T1,1,CRI-A010,IMN climate observations + proyecciones regionalizadas (RCP/SSP) / análisis de riesgo hidrometeorológico,
CRI,Costa Rica,adaptation,CCRA-038,Urban infrastructure social vulnerability,1,10,1.0,T1,1,CRI-A001,INEC Censo 2011 + Estimaciones de población y vivienda 2022 (distrito) / proyecciones 2000–2050,
CRI,Costa Rica,adaptation,CCRA-039,Urban stormwater drainage coverage,0,0,0.0,,0,,,no usable dataset / gap
CRI,Costa Rica,adaptation,CCRA-040,Waste Collection,1,1,0.1,T1,1,CRI-A022,Ministerio de Salud / municipal solid-waste service statistics,
CRI,Costa Rica,adaptation,CCRA-041,Water security index,1,1,0.1,T1,1,CRI-A010,IMN climate observations + proyecciones regionalizadas (RCP/SSP) / análisis de riesgo hidrometeorológico,
ETH,Ethiopia,mitigation,I.1,Residential buildings,1,10,1.0,T1,1,ETH-001,First Biennial Update Report (BUR1) — National GHG Inventory 2018 & 2020,
ETH,Ethiopia,mitigation,I.2,Commercial & institutional buildings,1,10,1.0,T1,1,ETH-001,First Biennial Update Report (BUR1) — National GHG Inventory 2018 & 2020,
ETH,Ethiopia,mitigation,I.3,Manufacturing industries & construction,1,10,1.0,T1,1,ETH-001,First Biennial Update Report (BUR1) — National GHG Inventory 2018 & 2020,
ETH,Ethiopia,mitigation,I.4,Energy industries,1,10,1.0,T1,1,ETH-001,First Biennial Update Report (BUR1) — National GHG Inventory 2018 & 2020,
ETH,Ethiopia,mitigation,I.5,"Agriculture, forestry & fishing energy",1,7,0.7,T1,0,ETH-001,First Biennial Update Report (BUR1) — National GHG Inventory 2018 & 2020,
ETH,Ethiopia,mitigation,I.6,Non-specified sources,0,0,0.0,,0,,,no usable dataset / gap
ETH,Ethiopia,mitigation,I.7,"Fugitive emissions from mining, processing, storage & transport of coal",0,0,0.0,,0,,,no usable dataset / gap
ETH,Ethiopia,mitigation,I.8,Fugitive emissions from oil & natural gas systems,1,3,0.3,T1,0,ETH-001,First Biennial Update Report (BUR1) — National GHG Inventory 2018 & 2020,
ETH,Ethiopia,mitigation,II.1,On-road transportation,1,10,1.0,T1,1,ETH-001,First Biennial Update Report (BUR1) — National GHG Inventory 2018 & 2020,
ETH,Ethiopia,mitigation,II.2,Railways,1,4,0.4,T1,1,ETH-001,First Biennial Update Report (BUR1) — National GHG Inventory 2018 & 2020,
ETH,Ethiopia,mitigation,II.3,Waterborne navigation,0,0,0.0,,0,,,no usable dataset / gap
ETH,Ethiopia,mitigation,II.4,Aviation,1,10,1.0,T1,1,ETH-001,First Biennial Update Report (BUR1) — National GHG Inventory 2018 & 2020,
ETH,Ethiopia,mitigation,II.5,Off-road transportation,1,3,0.3,T1,0,ETH-001,First Biennial Update Report (BUR1) — National GHG Inventory 2018 & 2020,
ETH,Ethiopia,mitigation,III.1,Solid waste disposal,1,10,1.0,T1,1,ETH-001,First Biennial Update Report (BUR1) — National GHG Inventory 2018 & 2020,
ETH,Ethiopia,mitigation,III.2,Biological treatment of waste,1,7,0.7,T1,1,ETH-001,First Biennial Update Report (BUR1) — National GHG Inventory 2018 & 2020,
ETH,Ethiopia,mitigation,III.3,Incineration & open burning,1,7,0.7,T1,1,ETH-001,First Biennial Update Report (BUR1) — National GHG Inventory 2018 & 2020,
ETH,Ethiopia,mitigation,III.4,Wastewater treatment & discharge,1,10,1.0,T1,1,ETH-001,First Biennial Update Report (BUR1) — National GHG Inventory 2018 & 2020,
ETH,Ethiopia,mitigation,IV.1,Industrial processes,1,10,1.0,T1,1,ETH-001,First Biennial Update Report (BUR1) — National GHG Inventory 2018 & 2020,
ETH,Ethiopia,mitigation,IV.2,Product use,1,3,0.3,T1,0,ETH-001,First Biennial Update Report (BUR1) — National GHG Inventory 2018 & 2020,
ETH,Ethiopia,mitigation,V.1,Livestock,1,10,1.0,T1,1,ETH-001,First Biennial Update Report (BUR1) — National GHG Inventory 2018 & 2020,
ETH,Ethiopia,mitigation,V.2,Land,1,10,1.0,T1,1,ETH-001,First Biennial Update Report (BUR1) — National GHG Inventory 2018 & 2020,
ETH,Ethiopia,mitigation,V.3,Aggregate sources & non-CO₂ emissions sources on land,1,10,1.0,T1,0,ETH-001,First Biennial Update Report (BUR1) — National GHG Inventory 2018 & 2020,
ETH,Ethiopia,mitigation,VI.1,Other Scope 3,1,2,0.2,T1,0,ETH-008,IMIS Ethiopia / ESS StatBank,
ETH,Ethiopia,adaptation,CCRA-001,Age Distribution,1,10,1.0,T1,1,ETH-A001,ESS / CSA population & housing census + projections (via IMIS / StatBank / HDX COD-PS),
ETH,Ethiopia,adaptation,CCRA-002,Agricultural GDP share,1,1,0.1,T1,0,ETH-A023,"ESS Agricultural Sample Survey (AgSS) — crops, livestock, land use",
ETH,Ethiopia,adaptation,CCRA-003,Agricultural establishment density,1,1,0.1,T1,0,ETH-A023,"ESS Agricultural Sample Survey (AgSS) — crops, livestock, land use",
ETH,Ethiopia,adaptation,CCRA-004,Agricultural land area,1,1,0.1,T1,1,ETH-A023,"ESS Agricultural Sample Survey (AgSS) — crops, livestock, land use",
ETH,Ethiopia,adaptation,CCRA-005,Areas of global conservation value,1,1,0.1,T2,1,ETH-A020,World Database on Protected Areas (WDPA),
ETH,Ethiopia,adaptation,CCRA-006,Biodiversity Intactness Index (BII),1,1,0.1,T2,1,ETH-A021,Biodiversity Intactness Index (BII),
ETH,Ethiopia,adaptation,CCRA-007,Confirmed disease cases,1,10,1.0,T1,0,ETH-A003,"DHS Ethiopia — water, sanitation, health & nutrition indicators",
ETH,Ethiopia,adaptation,CCRA-008,Dependence on large-scale irrigation,1,1,0.1,T1,1,ETH-A023,"ESS Agricultural Sample Survey (AgSS) — crops, livestock, land use",
ETH,Ethiopia,adaptation,CCRA-009,Electricity consumption,1,1,0.1,T1,0,ETH-A029,EEU / MoWE electricity access & consumption statistics; Multi-Tier Framework (MTF),
ETH,Ethiopia,adaptation,CCRA-010,Energy poverty,1,1,0.1,T1,0,ETH-A004,"HCES / LSMS-ISA Ethiopia — poverty, consumption, energy access",
ETH,Ethiopia,adaptation,CCRA-011,Flood Threat Index,1,10,1.0,T2,1,ETH-A009,JRC Global River Flood Hazard Maps v2.1,
ETH,Ethiopia,adaptation,CCRA-012,Food production and marketing,1,1,0.1,T1,0,ETH-A023,"ESS Agricultural Sample Survey (AgSS) — crops, livestock, land use",
ETH,Ethiopia,adaptation,CCRA-013,Forest cover,1,10,1.0,T2,1,ETH-A018,Hansen Global Forest Change (treecover / loss),
ETH,Ethiopia,adaptation,CCRA-014,Forest loss,1,10,1.0,T2,1,ETH-A018,Hansen Global Forest Change (treecover / loss),
ETH,Ethiopia,adaptation,CCRA-015,Health and basic services access,1,10,1.0,T1,1,ETH-A001,ESS / CSA population & housing census + projections (via IMIS / StatBank / HDX COD-PS),
ETH,Ethiopia,adaptation,CCRA-016,Health facility density,1,1,0.1,T3,1,ETH-A007,"Ethiopia — Risk Assessment Indicators (HeiGIT GAIA / HDX, ADM2)",
ETH,Ethiopia,adaptation,CCRA-017,Households in hazard-prone areas,1,10,1.0,T1,1,ETH-A002,Ethiopia COD-AB — subnational administrative boundaries (ADM0–3),
ETH,Ethiopia,adaptation,CCRA-018,Inadequate Sanitation,1,10,1.0,T1,1,ETH-A001,ESS / CSA population & housing census + projections (via IMIS / StatBank / HDX COD-PS),
ETH,Ethiopia,adaptation,CCRA-019,Inadequate water access,1,10,1.0,T1,1,ETH-A001,ESS / CSA population & housing census + projections (via IMIS / StatBank / HDX COD-PS),
ETH,Ethiopia,adaptation,CCRA-020,Income,1,1,0.1,T1,1,ETH-A004,"HCES / LSMS-ISA Ethiopia — poverty, consumption, energy access",
ETH,Ethiopia,adaptation,CCRA-021,Industrial GDP share,1,1,0.1,T1,0,ETH-A025,"National Accounts / MoF — sectoral GDP (agriculture, industry)",
ETH,Ethiopia,adaptation,CCRA-022,Landslide Susceptibility,1,4,0.4,T2,1,ETH-A015,NASA LHASA / global rainfall-triggered landslide hazard,
ETH,Ethiopia,adaptation,CCRA-023,Landslide Threat Index,1,10,1.0,T2,1,ETH-A011,"CHIRPS extreme precipitation (Rx5day, R90p…) + drought monitoring",
ETH,Ethiopia,adaptation,CCRA-024,Maximum Consecutive Dry Days (CDD),1,10,1.0,T1,1,ETH-A013,NMA Ethiopia — meteorological station & climate bulletins,
ETH,Ethiopia,adaptation,CCRA-025,Maximum Precipitation 5 days (Rx5day),1,10,1.0,T2,1,ETH-A011,"CHIRPS extreme precipitation (Rx5day, R90p…) + drought monitoring",
ETH,Ethiopia,adaptation,CCRA-026,Maximum temperature,1,10,1.0,T1,1,ETH-A013,NMA Ethiopia — meteorological station & climate bulletins,
ETH,Ethiopia,adaptation,CCRA-027,Natural vegetation cover,1,10,1.0,T2,1,ETH-A018,Hansen Global Forest Change (treecover / loss),
ETH,Ethiopia,adaptation,CCRA-028,Population density,1,10,1.0,T1,1,ETH-A001,ESS / CSA population & housing census + projections (via IMIS / StatBank / HDX COD-PS),
ETH,Ethiopia,adaptation,CCRA-029,Port infrastructures,1,1,0.1,T3,1,ETH-A026,"OpenStreetMap — roads, rail, health facilities, buildings",
ETH,Ethiopia,adaptation,CCRA-030,Power generation facilities,1,1,0.1,T2,1,ETH-A028,Global Power Plant Database / WRI (+ EEP plant lists),
ETH,Ethiopia,adaptation,CCRA-031,Protected areas,1,1,0.1,T2,1,ETH-A020,World Database on Protected Areas (WDPA),
ETH,Ethiopia,adaptation,CCRA-032,Railroad density,1,1,0.1,T3,1,ETH-A026,"OpenStreetMap — roads, rail, health facilities, buildings",
ETH,Ethiopia,adaptation,CCRA-033,Relative humidity,1,10,1.0,T1,1,ETH-A013,NMA Ethiopia — meteorological station & climate bulletins,
ETH,Ethiopia,adaptation,CCRA-034,Road density,1,1,0.1,T3,1,ETH-A026,"OpenStreetMap — roads, rail, health facilities, buildings",
ETH,Ethiopia,adaptation,CCRA-035,Sea Level change,0,0,0.0,,0,,,no usable dataset / gap
ETH,Ethiopia,adaptation,CCRA-036,Standardized Precipitation Evapotranspiration Index (SPEI),1,10,1.0,T1,1,ETH-A013,NMA Ethiopia — meteorological station & climate bulletins,
ETH,Ethiopia,adaptation,CCRA-037,Total precipitation,1,10,1.0,T1,1,ETH-A013,NMA Ethiopia — meteorological station & climate bulletins,
ETH,Ethiopia,adaptation,CCRA-038,Urban infrastructure social vulnerability,1,4,0.4,T1,1,ETH-A001,ESS / CSA population & housing census + projections (via IMIS / StatBank / HDX COD-PS),
ETH,Ethiopia,adaptation,CCRA-039,Urban stormwater drainage coverage,0,0,0.0,,0,,,no usable dataset / gap
ETH,Ethiopia,adaptation,CCRA-040,Waste Collection,1,4,0.4,T1,1,ETH-A001,ESS / CSA population & housing census + projections (via IMIS / StatBank / HDX COD-PS),
ETH,Ethiopia,adaptation,CCRA-041,Water security index,1,1,0.1,T2,1,ETH-A024,FAO / WaPOR / AQUASTAT — irrigated area & agricultural water,
GBR,United Kingdom,mitigation,I.1,Residential buildings,1,10,1.0,T1,1,GBR-001,UK Greenhouse Gas Inventory / National Inventory Document (NID),
GBR,United Kingdom,mitigation,I.2,Commercial & institutional buildings,1,10,1.0,T1,1,GBR-001,UK Greenhouse Gas Inventory / National Inventory Document (NID),
GBR,United Kingdom,mitigation,I.3,Manufacturing industries & construction,1,10,1.0,T1,1,GBR-001,UK Greenhouse Gas Inventory / National Inventory Document (NID),
GBR,United Kingdom,mitigation,I.4,Energy industries,1,10,1.0,T1,1,GBR-001,UK Greenhouse Gas Inventory / National Inventory Document (NID),
GBR,United Kingdom,mitigation,I.5,"Agriculture, forestry & fishing energy",1,10,1.0,T1,1,GBR-001,UK Greenhouse Gas Inventory / National Inventory Document (NID),
GBR,United Kingdom,mitigation,I.6,Non-specified sources,0,0,0.0,,0,,,no usable dataset / gap
GBR,United Kingdom,mitigation,I.7,"Fugitive emissions from mining, processing, storage & transport of coal",1,10,1.0,T1,0,GBR-001,UK Greenhouse Gas Inventory / National Inventory Document (NID),
GBR,United Kingdom,mitigation,I.8,Fugitive emissions from oil & natural gas systems,1,10,1.0,T1,1,GBR-001,UK Greenhouse Gas Inventory / National Inventory Document (NID),
GBR,United Kingdom,mitigation,II.1,On-road transportation,1,10,1.0,T1,1,GBR-001,UK Greenhouse Gas Inventory / National Inventory Document (NID),
GBR,United Kingdom,mitigation,II.2,Railways,1,10,1.0,T1,1,GBR-001,UK Greenhouse Gas Inventory / National Inventory Document (NID),
GBR,United Kingdom,mitigation,II.3,Waterborne navigation,1,10,1.0,T1,0,GBR-001,UK Greenhouse Gas Inventory / National Inventory Document (NID),
GBR,United Kingdom,mitigation,II.4,Aviation,1,10,1.0,T1,1,GBR-001,UK Greenhouse Gas Inventory / National Inventory Document (NID),
GBR,United Kingdom,mitigation,II.5,Off-road transportation,1,10,1.0,T1,1,GBR-001,UK Greenhouse Gas Inventory / National Inventory Document (NID),
GBR,United Kingdom,mitigation,III.1,Solid waste disposal,1,10,1.0,T1,1,GBR-001,UK Greenhouse Gas Inventory / National Inventory Document (NID),
GBR,United Kingdom,mitigation,III.2,Biological treatment of waste,1,10,1.0,T1,1,GBR-001,UK Greenhouse Gas Inventory / National Inventory Document (NID),
GBR,United Kingdom,mitigation,III.3,Incineration & open burning,1,10,1.0,T1,1,GBR-001,UK Greenhouse Gas Inventory / National Inventory Document (NID),
GBR,United Kingdom,mitigation,III.4,Wastewater treatment & discharge,1,10,1.0,T1,1,GBR-001,UK Greenhouse Gas Inventory / National Inventory Document (NID),
GBR,United Kingdom,mitigation,IV.1,Industrial processes,1,10,1.0,T1,1,GBR-001,UK Greenhouse Gas Inventory / National Inventory Document (NID),
GBR,United Kingdom,mitigation,IV.2,Product use,1,10,1.0,T1,1,GBR-001,UK Greenhouse Gas Inventory / National Inventory Document (NID),
GBR,United Kingdom,mitigation,V.1,Livestock,1,10,1.0,T1,1,GBR-001,UK Greenhouse Gas Inventory / National Inventory Document (NID),
GBR,United Kingdom,mitigation,V.2,Land,1,10,1.0,T1,1,GBR-001,UK Greenhouse Gas Inventory / National Inventory Document (NID),
GBR,United Kingdom,mitigation,V.3,Aggregate sources & non-CO₂ emissions sources on land,1,10,1.0,T1,1,GBR-001,UK Greenhouse Gas Inventory / National Inventory Document (NID),
GBR,United Kingdom,mitigation,VI.1,Other Scope 3,1,2,0.2,T1,1,GBR-005,Greenhouse gas reporting conversion factors (company reporting),
GBR,United Kingdom,adaptation,CCRA-001,Age Distribution,1,4,0.4,T1,1,GBR-A001,"ONS Census 2021 — population, age/sex, housing & deprivation dimensions (LSOA/MSOA)",
GBR,United Kingdom,adaptation,CCRA-002,Agricultural GDP share,1,1,0.1,T1,1,GBR-A016,"Defra / RPA agricultural land classification, June Survey, Crop Map of England",
GBR,United Kingdom,adaptation,CCRA-003,Agricultural establishment density,1,1,0.1,T1,1,GBR-A016,"Defra / RPA agricultural land classification, June Survey, Crop Map of England",
GBR,United Kingdom,adaptation,CCRA-004,Agricultural land area,1,1,0.1,T1,1,GBR-A016,"Defra / RPA agricultural land classification, June Survey, Crop Map of England",
GBR,United Kingdom,adaptation,CCRA-005,Areas of global conservation value,1,1,0.1,T1,1,GBR-A018,Natural England / NRW / NatureScot protected sites + WDPA,
GBR,United Kingdom,adaptation,CCRA-006,Biodiversity Intactness Index (BII),1,1,0.1,T3,1,GBR-A019,Biodiversity Intactness Index + KBAs (UK),
GBR,United Kingdom,adaptation,CCRA-007,Confirmed disease cases,1,1,0.1,T1,1,GBR-A005,NHS Digital / ODS health sites + OSM healthcare POIs,
GBR,United Kingdom,adaptation,CCRA-008,Dependence on large-scale irrigation,1,1,0.1,T1,1,GBR-A016,"Defra / RPA agricultural land classification, June Survey, Crop Map of England",
GBR,United Kingdom,adaptation,CCRA-009,Electricity consumption,1,1,0.1,T1,1,GBR-A023,DESNZ DUKES / Digest of UK Energy Statistics; subnational electricity & gas; WRI power plants,
GBR,United Kingdom,adaptation,CCRA-010,Energy poverty,1,4,0.4,T1,1,GBR-A001,"ONS Census 2021 — population, age/sex, housing & deprivation dimensions (LSOA/MSOA)",
GBR,United Kingdom,adaptation,CCRA-011,Flood Threat Index,1,1,0.1,T1,1,GBR-A006,Environment Agency — Risk of Flooding from Rivers and Sea (RoFRS) + climate-change scenarios,
GBR,United Kingdom,adaptation,CCRA-012,Food production and marketing,1,1,0.1,T1,1,GBR-A016,"Defra / RPA agricultural land classification, June Survey, Crop Map of England",
GBR,United Kingdom,adaptation,CCRA-013,Forest cover,1,1,0.1,T1,1,GBR-A017,National Forest Inventory / Forest Research + Hansen GFC + Living England/Wales land cover,
GBR,United Kingdom,adaptation,CCRA-014,Forest loss,1,1,0.1,T1,1,GBR-A017,National Forest Inventory / Forest Research + Hansen GFC + Living England/Wales land cover,
GBR,United Kingdom,adaptation,CCRA-015,Health and basic services access,1,4,0.4,T1,1,GBR-A001,"ONS Census 2021 — population, age/sex, housing & deprivation dimensions (LSOA/MSOA)",
GBR,United Kingdom,adaptation,CCRA-016,Health facility density,1,1,0.1,T1,1,GBR-A005,NHS Digital / ODS health sites + OSM healthcare POIs,
GBR,United Kingdom,adaptation,CCRA-017,Households in hazard-prone areas,1,5,0.5,T1,1,GBR-A003,ONS / OS Boundary-Line & Census geographies (OA/LSOA/MSOA/LAD),
GBR,United Kingdom,adaptation,CCRA-018,Inadequate Sanitation,1,4,0.4,T1,1,GBR-A001,"ONS Census 2021 — population, age/sex, housing & deprivation dimensions (LSOA/MSOA)",
GBR,United Kingdom,adaptation,CCRA-019,Inadequate water access,1,4,0.4,T1,1,GBR-A001,"ONS Census 2021 — population, age/sex, housing & deprivation dimensions (LSOA/MSOA)",
GBR,United Kingdom,adaptation,CCRA-020,Income,1,4,0.4,T1,1,GBR-A001,"ONS Census 2021 — population, age/sex, housing & deprivation dimensions (LSOA/MSOA)",
GBR,United Kingdom,adaptation,CCRA-021,Industrial GDP share,1,1,0.1,T1,0,GBR-A020,ONS / OBR National Accounts — agriculture & industry GVA shares,
GBR,United Kingdom,adaptation,CCRA-022,Landslide Susceptibility,1,1,0.1,T1,1,GBR-A012,BGS GeoSure / landslide susceptibility & mass-movement datasets,
GBR,United Kingdom,adaptation,CCRA-023,Landslide Threat Index,1,1,0.1,T1,1,GBR-A012,BGS GeoSure / landslide susceptibility & mass-movement datasets,
GBR,United Kingdom,adaptation,CCRA-024,Maximum Consecutive Dry Days (CDD),1,1,0.1,T1,1,GBR-A010,UKCP18 / Met Office climate projections + UK Climate Projections user tools,
GBR,United Kingdom,adaptation,CCRA-025,Maximum Precipitation 5 days (Rx5day),1,1,0.1,T1,1,GBR-A010,UKCP18 / Met Office climate projections + UK Climate Projections user tools,
GBR,United Kingdom,adaptation,CCRA-026,Maximum temperature,1,1,0.1,T1,1,GBR-A010,UKCP18 / Met Office climate projections + UK Climate Projections user tools,
GBR,United Kingdom,adaptation,CCRA-027,Natural vegetation cover,1,1,0.1,T1,1,GBR-A017,National Forest Inventory / Forest Research + Hansen GFC + Living England/Wales land cover,
GBR,United Kingdom,adaptation,CCRA-028,Population density,1,4,0.4,T1,1,GBR-A001,"ONS Census 2021 — population, age/sex, housing & deprivation dimensions (LSOA/MSOA)",
GBR,United Kingdom,adaptation,CCRA-029,Port infrastructures,1,5,0.5,T1,1,GBR-A009,National Coastal Erosion Risk Mapping (NCERM) 2024,
GBR,United Kingdom,adaptation,CCRA-030,Power generation facilities,1,1,0.1,T1,1,GBR-A023,DESNZ DUKES / Digest of UK Energy Statistics; subnational electricity & gas; WRI power plants,
GBR,United Kingdom,adaptation,CCRA-031,Protected areas,1,1,0.1,T1,1,GBR-A018,Natural England / NRW / NatureScot protected sites + WDPA,
GBR,United Kingdom,adaptation,CCRA-032,Railroad density,1,1,0.1,T1,1,GBR-A021,"OS Open Roads / OpenMap / OSM — roads, rail, ports, buildings",
GBR,United Kingdom,adaptation,CCRA-033,Relative humidity,1,1,0.1,T1,1,GBR-A010,UKCP18 / Met Office climate projections + UK Climate Projections user tools,
GBR,United Kingdom,adaptation,CCRA-034,Road density,1,1,0.1,T1,1,GBR-A021,"OS Open Roads / OpenMap / OSM — roads, rail, ports, buildings",
GBR,United Kingdom,adaptation,CCRA-035,Sea Level change,1,5,0.5,T1,1,GBR-A006,Environment Agency — Risk of Flooding from Rivers and Sea (RoFRS) + climate-change scenarios,
GBR,United Kingdom,adaptation,CCRA-036,Standardized Precipitation Evapotranspiration Index (SPEI),1,1,0.1,T1,1,GBR-A010,UKCP18 / Met Office climate projections + UK Climate Projections user tools,
GBR,United Kingdom,adaptation,CCRA-037,Total precipitation,1,1,0.1,T1,1,GBR-A010,UKCP18 / Met Office climate projections + UK Climate Projections user tools,
GBR,United Kingdom,adaptation,CCRA-038,Urban infrastructure social vulnerability,1,4,0.4,T1,1,GBR-A001,"ONS Census 2021 — population, age/sex, housing & deprivation dimensions (LSOA/MSOA)",
GBR,United Kingdom,adaptation,CCRA-039,Urban stormwater drainage coverage,1,1,0.1,T1,1,GBR-A007,Environment Agency — Risk of Flooding from Surface Water (RoFSW) + climate change,
GBR,United Kingdom,adaptation,CCRA-040,Waste Collection,1,4,0.4,T1,1,GBR-A001,"ONS Census 2021 — population, age/sex, housing & deprivation dimensions (LSOA/MSOA)",
GBR,United Kingdom,adaptation,CCRA-041,Water security index,1,1,0.1,T1,0,GBR-A026,WRI Aqueduct + water company / EA water resources plans,
MAR,Morocco,mitigation,I.1,Residential buildings,1,10,1.0,T1,0,MAR-001,Rapport National d’Inventaire des GES (NIR 2024) — série 2010–2022,
MAR,Morocco,mitigation,I.2,Commercial & institutional buildings,1,10,1.0,T1,0,MAR-001,Rapport National d’Inventaire des GES (NIR 2024) — série 2010–2022,
MAR,Morocco,mitigation,I.3,Manufacturing industries & construction,1,10,1.0,T1,0,MAR-001,Rapport National d’Inventaire des GES (NIR 2024) — série 2010–2022,
MAR,Morocco,mitigation,I.4,Energy industries,1,10,1.0,T1,0,MAR-001,Rapport National d’Inventaire des GES (NIR 2024) — série 2010–2022,
MAR,Morocco,mitigation,I.5,"Agriculture, forestry & fishing energy",1,8,0.8,T1,0,MAR-001,Rapport National d’Inventaire des GES (NIR 2024) — série 2010–2022,
MAR,Morocco,mitigation,I.6,Non-specified sources,0,0,0.0,,0,,,no usable dataset / gap
MAR,Morocco,mitigation,I.7,"Fugitive emissions from mining, processing, storage & transport of coal",1,8,0.8,T1,0,MAR-001,Rapport National d’Inventaire des GES (NIR 2024) — série 2010–2022,
MAR,Morocco,mitigation,I.8,Fugitive emissions from oil & natural gas systems,1,8,0.8,T1,0,MAR-001,Rapport National d’Inventaire des GES (NIR 2024) — série 2010–2022,
MAR,Morocco,mitigation,II.1,On-road transportation,1,10,1.0,T1,0,MAR-001,Rapport National d’Inventaire des GES (NIR 2024) — série 2010–2022,
MAR,Morocco,mitigation,II.2,Railways,1,10,1.0,T1,0,MAR-001,Rapport National d’Inventaire des GES (NIR 2024) — série 2010–2022,
MAR,Morocco,mitigation,II.3,Waterborne navigation,1,10,1.0,T1,1,MAR-001,Rapport National d’Inventaire des GES (NIR 2024) — série 2010–2022,
MAR,Morocco,mitigation,II.4,Aviation,1,10,1.0,T1,1,MAR-001,Rapport National d’Inventaire des GES (NIR 2024) — série 2010–2022,
MAR,Morocco,mitigation,II.5,Off-road transportation,1,8,0.8,T1,0,MAR-001,Rapport National d’Inventaire des GES (NIR 2024) — série 2010–2022,
MAR,Morocco,mitigation,III.1,Solid waste disposal,1,10,1.0,T1,0,MAR-001,Rapport National d’Inventaire des GES (NIR 2024) — série 2010–2022,
MAR,Morocco,mitigation,III.2,Biological treatment of waste,1,8,0.8,T1,0,MAR-001,Rapport National d’Inventaire des GES (NIR 2024) — série 2010–2022,
MAR,Morocco,mitigation,III.3,Incineration & open burning,1,8,0.8,T1,0,MAR-001,Rapport National d’Inventaire des GES (NIR 2024) — série 2010–2022,
MAR,Morocco,mitigation,III.4,Wastewater treatment & discharge,1,10,1.0,T1,1,MAR-001,Rapport National d’Inventaire des GES (NIR 2024) — série 2010–2022,
MAR,Morocco,mitigation,IV.1,Industrial processes,1,10,1.0,T1,0,MAR-001,Rapport National d’Inventaire des GES (NIR 2024) — série 2010–2022,
MAR,Morocco,mitigation,IV.2,Product use,1,8,0.8,T1,0,MAR-001,Rapport National d’Inventaire des GES (NIR 2024) — série 2010–2022,
MAR,Morocco,mitigation,V.1,Livestock,1,10,1.0,T1,0,MAR-001,Rapport National d’Inventaire des GES (NIR 2024) — série 2010–2022,
MAR,Morocco,mitigation,V.2,Land,1,10,1.0,T1,0,MAR-001,Rapport National d’Inventaire des GES (NIR 2024) — série 2010–2022,
MAR,Morocco,mitigation,V.3,Aggregate sources & non-CO₂ emissions sources on land,1,10,1.0,T1,0,MAR-001,Rapport National d’Inventaire des GES (NIR 2024) — série 2010–2022,
MAR,Morocco,mitigation,VI.1,Other Scope 3,1,0,0.0,T1,0,MAR-010,Annuaire statistique du Maroc (plateforme),
MAR,Morocco,adaptation,CCRA-001,Age Distribution,1,10,1.0,T1,1,MAR-A001,"RGPH 2024 — résultats interactifs (démographie, habitat, services)",
MAR,Morocco,adaptation,CCRA-002,Agricultural GDP share,1,10,1.0,T1,0,MAR-A024,"Indicateurs sectoriels (agriculture, énergie, eau, transport…) — data.gov.ma",
MAR,Morocco,adaptation,CCRA-003,Agricultural establishment density,1,2,0.2,T1,1,MAR-A025,Agriculture et pêche — open data MEF / data.gov.ma,
MAR,Morocco,adaptation,CCRA-004,Agricultural land area,1,10,1.0,T1,1,MAR-A024,"Indicateurs sectoriels (agriculture, énergie, eau, transport…) — data.gov.ma",
MAR,Morocco,adaptation,CCRA-005,Areas of global conservation value,1,1,0.1,T2,1,MAR-A021,World Database on Protected Areas (WDPA),
MAR,Morocco,adaptation,CCRA-006,Biodiversity Intactness Index (BII),1,1,0.1,T2,1,MAR-A022,Biodiversity Intactness Index (BII) / related intactness layers,
MAR,Morocco,adaptation,CCRA-007,Confirmed disease cases,0,0,0.0,,0,,,no usable dataset / gap
MAR,Morocco,adaptation,CCRA-008,Dependence on large-scale irrigation,1,2,0.2,T3,1,MAR-A026,Crop and irrigation types ground-truth (5 major agricultural regions),
MAR,Morocco,adaptation,CCRA-009,Electricity consumption,1,10,1.0,T1,0,MAR-A024,"Indicateurs sectoriels (agriculture, énergie, eau, transport…) — data.gov.ma",
MAR,Morocco,adaptation,CCRA-010,Energy poverty,1,1,0.1,T1,1,MAR-A002,Cartographie de la pauvreté multidimensionnelle (Mai 2025),
MAR,Morocco,adaptation,CCRA-011,Flood Threat Index,1,10,1.0,T1,1,MAR-A008,Atlas des zones inondables — ABH du Tensift (web atlas),
MAR,Morocco,adaptation,CCRA-012,Food production and marketing,1,10,1.0,T1,1,MAR-A024,"Indicateurs sectoriels (agriculture, énergie, eau, transport…) — data.gov.ma",
MAR,Morocco,adaptation,CCRA-013,Forest cover,1,1,0.1,T2,1,MAR-A019,Hansen Global Forest Change (treecover / loss),
MAR,Morocco,adaptation,CCRA-014,Forest loss,1,1,0.1,T2,1,MAR-A019,Hansen Global Forest Change (treecover / loss),
MAR,Morocco,adaptation,CCRA-015,Health and basic services access,1,2,0.2,T1,1,MAR-A001,"RGPH 2024 — résultats interactifs (démographie, habitat, services)",
MAR,Morocco,adaptation,CCRA-016,Health facility density,1,2,0.2,T1,1,MAR-A030,Cartographie des établissements économiques / services publics (HCP 2023/2024),
MAR,Morocco,adaptation,CCRA-017,Households in hazard-prone areas,1,10,1.0,T1,1,MAR-A003,Morocco COD-AB — subnational administrative boundaries (ADM0–ADM2),
MAR,Morocco,adaptation,CCRA-018,Inadequate Sanitation,1,1,0.1,T1,1,MAR-A001,"RGPH 2024 — résultats interactifs (démographie, habitat, services)",
MAR,Morocco,adaptation,CCRA-019,Inadequate water access,1,1,0.1,T1,1,MAR-A001,"RGPH 2024 — résultats interactifs (démographie, habitat, services)",
MAR,Morocco,adaptation,CCRA-020,Income,1,1,0.1,T1,1,MAR-A001,"RGPH 2024 — résultats interactifs (démographie, habitat, services)",
MAR,Morocco,adaptation,CCRA-021,Industrial GDP share,1,10,1.0,T1,0,MAR-A024,"Indicateurs sectoriels (agriculture, énergie, eau, transport…) — data.gov.ma",
MAR,Morocco,adaptation,CCRA-022,Landslide Susceptibility,1,1,0.1,T2,1,MAR-A016,NASA LHASA / global rainfall-triggered landslide hazard,
MAR,Morocco,adaptation,CCRA-023,Landslide Threat Index,1,10,1.0,T2,1,MAR-A012,"CHIRPS extreme precipitation indices (Rx5day, R90p/R95p/R99p) + climatology",
MAR,Morocco,adaptation,CCRA-024,Maximum Consecutive Dry Days (CDD),1,1,0.1,T1,1,MAR-A015,DGM / Direction Générale de la Météorologie — station climate & drought indices (SPI/SPEI),
MAR,Morocco,adaptation,CCRA-025,Maximum Precipitation 5 days (Rx5day),1,10,1.0,T2,1,MAR-A012,"CHIRPS extreme precipitation indices (Rx5day, R90p/R95p/R99p) + climatology",
MAR,Morocco,adaptation,CCRA-026,Maximum temperature,1,10,1.0,T1,1,MAR-A015,DGM / Direction Générale de la Météorologie — station climate & drought indices (SPI/SPEI),
MAR,Morocco,adaptation,CCRA-027,Natural vegetation cover,1,1,0.1,T2,1,MAR-A019,Hansen Global Forest Change (treecover / loss),
MAR,Morocco,adaptation,CCRA-028,Population density,1,10,1.0,T1,1,MAR-A001,"RGPH 2024 — résultats interactifs (démographie, habitat, services)",
MAR,Morocco,adaptation,CCRA-029,Port infrastructures,1,1,0.1,T1,1,MAR-A029,Statistiques de trafic portuaire / infrastructures portuaires (ANP / équipement),
MAR,Morocco,adaptation,CCRA-030,Power generation facilities,1,1,0.1,T2,1,MAR-A028,Global Power Plant Database / WRI energy infrastructure,
MAR,Morocco,adaptation,CCRA-031,Protected areas,1,1,0.1,T2,1,MAR-A021,World Database on Protected Areas (WDPA),
MAR,Morocco,adaptation,CCRA-032,Railroad density,1,1,0.1,T3,1,MAR-A027,"OpenStreetMap — roads, railways, ports, health facilities, buildings",
MAR,Morocco,adaptation,CCRA-033,Relative humidity,1,10,1.0,T1,1,MAR-A015,DGM / Direction Générale de la Météorologie — station climate & drought indices (SPI/SPEI),
MAR,Morocco,adaptation,CCRA-034,Road density,1,10,1.0,T1,1,MAR-A024,"Indicateurs sectoriels (agriculture, énergie, eau, transport…) — data.gov.ma",
MAR,Morocco,adaptation,CCRA-035,Sea Level change,1,1,0.1,T2,1,MAR-A018,NASA / IPCC sea-level change & coastal elevation proxies,
MAR,Morocco,adaptation,CCRA-036,Standardized Precipitation Evapotranspiration Index (SPEI),1,1,0.1,T1,1,MAR-A015,DGM / Direction Générale de la Météorologie — station climate & drought indices (SPI/SPEI),
MAR,Morocco,adaptation,CCRA-037,Total precipitation,1,10,1.0,T1,1,MAR-A015,DGM / Direction Générale de la Météorologie — station climate & drought indices (SPI/SPEI),
MAR,Morocco,adaptation,CCRA-038,Urban infrastructure social vulnerability,1,1,0.1,T1,1,MAR-A001,"RGPH 2024 — résultats interactifs (démographie, habitat, services)",
MAR,Morocco,adaptation,CCRA-039,Urban stormwater drainage coverage,1,1,0.1,T2,1,MAR-A043,OEF Flood / Heat / Landslide mechanism-type layers (NbS screening),
MAR,Morocco,adaptation,CCRA-040,Waste Collection,1,1,0.1,T1,1,MAR-A001,"RGPH 2024 — résultats interactifs (démographie, habitat, services)",
MAR,Morocco,adaptation,CCRA-041,Water security index,1,10,1.0,T1,1,MAR-A024,"Indicateurs sectoriels (agriculture, énergie, eau, transport…) — data.gov.ma",
MEX,Mexico,mitigation,I.1,Residential buildings,1,10,1.0,T1,1,MEX-001,Inventario Nacional de Emisiones de Gases y Compuestos de Efecto Invernadero (INEGyCEI),
MEX,Mexico,mitigation,I.2,Commercial & institutional buildings,1,10,1.0,T1,1,MEX-001,Inventario Nacional de Emisiones de Gases y Compuestos de Efecto Invernadero (INEGyCEI),
MEX,Mexico,mitigation,I.3,Manufacturing industries & construction,1,10,1.0,T1,1,MEX-001,Inventario Nacional de Emisiones de Gases y Compuestos de Efecto Invernadero (INEGyCEI),
MEX,Mexico,mitigation,I.4,Energy industries,1,10,1.0,T1,1,MEX-001,Inventario Nacional de Emisiones de Gases y Compuestos de Efecto Invernadero (INEGyCEI),
MEX,Mexico,mitigation,I.5,"Agriculture, forestry & fishing energy",1,10,1.0,T1,1,MEX-001,Inventario Nacional de Emisiones de Gases y Compuestos de Efecto Invernadero (INEGyCEI),
MEX,Mexico,mitigation,I.6,Non-specified sources,0,0,0.0,,0,,,no usable dataset / gap
MEX,Mexico,mitigation,I.7,"Fugitive emissions from mining, processing, storage & transport of coal",1,10,1.0,T1,0,MEX-001,Inventario Nacional de Emisiones de Gases y Compuestos de Efecto Invernadero (INEGyCEI),
MEX,Mexico,mitigation,I.8,Fugitive emissions from oil & natural gas systems,1,10,1.0,T1,1,MEX-001,Inventario Nacional de Emisiones de Gases y Compuestos de Efecto Invernadero (INEGyCEI),
MEX,Mexico,mitigation,II.1,On-road transportation,1,10,1.0,T1,1,MEX-001,Inventario Nacional de Emisiones de Gases y Compuestos de Efecto Invernadero (INEGyCEI),
MEX,Mexico,mitigation,II.2,Railways,1,10,1.0,T1,1,MEX-001,Inventario Nacional de Emisiones de Gases y Compuestos de Efecto Invernadero (INEGyCEI),
MEX,Mexico,mitigation,II.3,Waterborne navigation,1,10,1.0,T1,1,MEX-001,Inventario Nacional de Emisiones de Gases y Compuestos de Efecto Invernadero (INEGyCEI),
MEX,Mexico,mitigation,II.4,Aviation,1,10,1.0,T1,1,MEX-001,Inventario Nacional de Emisiones de Gases y Compuestos de Efecto Invernadero (INEGyCEI),
MEX,Mexico,mitigation,II.5,Off-road transportation,1,10,1.0,T1,1,MEX-001,Inventario Nacional de Emisiones de Gases y Compuestos de Efecto Invernadero (INEGyCEI),
MEX,Mexico,mitigation,III.1,Solid waste disposal,1,10,1.0,T1,1,MEX-001,Inventario Nacional de Emisiones de Gases y Compuestos de Efecto Invernadero (INEGyCEI),
MEX,Mexico,mitigation,III.2,Biological treatment of waste,1,10,1.0,T1,1,MEX-001,Inventario Nacional de Emisiones de Gases y Compuestos de Efecto Invernadero (INEGyCEI),
MEX,Mexico,mitigation,III.3,Incineration & open burning,1,10,1.0,T1,1,MEX-001,Inventario Nacional de Emisiones de Gases y Compuestos de Efecto Invernadero (INEGyCEI),
MEX,Mexico,mitigation,III.4,Wastewater treatment & discharge,1,10,1.0,T1,1,MEX-001,Inventario Nacional de Emisiones de Gases y Compuestos de Efecto Invernadero (INEGyCEI),
MEX,Mexico,mitigation,IV.1,Industrial processes,1,10,1.0,T1,1,MEX-001,Inventario Nacional de Emisiones de Gases y Compuestos de Efecto Invernadero (INEGyCEI),
MEX,Mexico,mitigation,IV.2,Product use,1,10,1.0,T1,1,MEX-001,Inventario Nacional de Emisiones de Gases y Compuestos de Efecto Invernadero (INEGyCEI),
MEX,Mexico,mitigation,V.1,Livestock,1,10,1.0,T1,1,MEX-001,Inventario Nacional de Emisiones de Gases y Compuestos de Efecto Invernadero (INEGyCEI),
MEX,Mexico,mitigation,V.2,Land,1,10,1.0,T1,1,MEX-001,Inventario Nacional de Emisiones de Gases y Compuestos de Efecto Invernadero (INEGyCEI),
MEX,Mexico,mitigation,V.3,Aggregate sources & non-CO₂ emissions sources on land,1,10,1.0,T1,1,MEX-001,Inventario Nacional de Emisiones de Gases y Compuestos de Efecto Invernadero (INEGyCEI),
MEX,Mexico,mitigation,VI.1,Other Scope 3,1,0,0.0,T1,0,MEX-017,Factores de emisión y calculadora RENE / CONUEE,
MEX,Mexico,adaptation,CCRA-001,Age Distribution,1,5,0.5,T1,1,MEX-A001,INEGI Censo de Población y Vivienda 2020 — Principales resultados por AGEB y manzana urbana,
MEX,Mexico,adaptation,CCRA-002,Agricultural GDP share,1,1,0.1,T1,0,MEX-A013,INEGI Censo Agropecuario / SIAP land use & irrigation statistics,
MEX,Mexico,adaptation,CCRA-003,Agricultural establishment density,1,1,0.1,T1,0,MEX-A013,INEGI Censo Agropecuario / SIAP land use & irrigation statistics,
MEX,Mexico,adaptation,CCRA-004,Agricultural land area,1,1,0.1,T1,0,MEX-A013,INEGI Censo Agropecuario / SIAP land use & irrigation statistics,
MEX,Mexico,adaptation,CCRA-005,Areas of global conservation value,1,1,0.1,T1,1,MEX-A015,CONANP / CONABIO Áreas Naturales Protegidas + WDPA México,
MEX,Mexico,adaptation,CCRA-006,Biodiversity Intactness Index (BII),1,1,0.1,T3,1,MEX-A016,Biodiversity Intactness Index + KBAs (México),
MEX,Mexico,adaptation,CCRA-007,Confirmed disease cases,1,1,0.1,T1,1,MEX-A005,CLUES / SSA establecimientos de salud + OSM healthcare POIs,
MEX,Mexico,adaptation,CCRA-008,Dependence on large-scale irrigation,1,1,0.1,T1,0,MEX-A013,INEGI Censo Agropecuario / SIAP land use & irrigation statistics,
MEX,Mexico,adaptation,CCRA-009,Electricity consumption,1,5,0.5,T1,1,MEX-A019,CENACE / CFE / CRE generation registers + WRI Global Power Plant Database,
MEX,Mexico,adaptation,CCRA-010,Energy poverty,1,5,0.5,T1,1,MEX-A001,INEGI Censo de Población y Vivienda 2020 — Principales resultados por AGEB y manzana urbana,
MEX,Mexico,adaptation,CCRA-011,Flood Threat Index,1,9,0.9,T1,1,MEX-A006,CENAPRED Atlas Nacional de Riesgos — peligro/vulnerabilidad por inundación + catálogo de inundaciones,
MEX,Mexico,adaptation,CCRA-012,Food production and marketing,1,1,0.1,T1,0,MEX-A013,INEGI Censo Agropecuario / SIAP land use & irrigation statistics,
MEX,Mexico,adaptation,CCRA-013,Forest cover,1,1,0.1,T1,1,MEX-A014,CONAFOR INFyS / MAD-MEX land cover + Hansen GFC,
MEX,Mexico,adaptation,CCRA-014,Forest loss,1,1,0.1,T1,1,MEX-A014,CONAFOR INFyS / MAD-MEX land cover + Hansen GFC,
MEX,Mexico,adaptation,CCRA-015,Health and basic services access,1,5,0.5,T1,1,MEX-A001,INEGI Censo de Población y Vivienda 2020 — Principales resultados por AGEB y manzana urbana,
MEX,Mexico,adaptation,CCRA-016,Health facility density,1,1,0.1,T1,1,MEX-A005,CLUES / SSA establecimientos de salud + OSM healthcare POIs,
MEX,Mexico,adaptation,CCRA-017,Households in hazard-prone areas,1,9,0.9,T1,1,MEX-A003,INEGI Marco Geoestadístico — AGEB / manzana / municipio / entidad,
MEX,Mexico,adaptation,CCRA-018,Inadequate Sanitation,1,5,0.5,T1,1,MEX-A001,INEGI Censo de Población y Vivienda 2020 — Principales resultados por AGEB y manzana urbana,
MEX,Mexico,adaptation,CCRA-019,Inadequate water access,1,5,0.5,T1,1,MEX-A001,INEGI Censo de Población y Vivienda 2020 — Principales resultados por AGEB y manzana urbana,
MEX,Mexico,adaptation,CCRA-020,Income,1,5,0.5,T1,1,MEX-A001,INEGI Censo de Población y Vivienda 2020 — Principales resultados por AGEB y manzana urbana,
MEX,Mexico,adaptation,CCRA-021,Industrial GDP share,1,1,0.1,T1,0,MEX-A017,INEGI SCN / Cuentas por sectores — agroindustria e industria (PIB shares),
MEX,Mexico,adaptation,CCRA-022,Landslide Susceptibility,1,5,0.5,T1,1,MEX-A009,CENAPRED Mapa Nacional de Susceptibilidad por Inestabilidad de Laderas (2020) + NASA LHASA/DEM drivers,
MEX,Mexico,adaptation,CCRA-023,Landslide Threat Index,1,5,0.5,T1,1,MEX-A009,CENAPRED Mapa Nacional de Susceptibilidad por Inestabilidad de Laderas (2020) + NASA LHASA/DEM drivers,
MEX,Mexico,adaptation,CCRA-024,Maximum Consecutive Dry Days (CDD),1,1,0.1,T1,1,MEX-A010,SMN / CONAGUA climate + INECC escenarios de cambio climático (proyecciones nacionales),
MEX,Mexico,adaptation,CCRA-025,Maximum Precipitation 5 days (Rx5day),1,1,0.1,T1,1,MEX-A010,SMN / CONAGUA climate + INECC escenarios de cambio climático (proyecciones nacionales),
MEX,Mexico,adaptation,CCRA-026,Maximum temperature,1,1,0.1,T1,1,MEX-A010,SMN / CONAGUA climate + INECC escenarios de cambio climático (proyecciones nacionales),
MEX,Mexico,adaptation,CCRA-027,Natural vegetation cover,1,1,0.1,T1,1,MEX-A014,CONAFOR INFyS / MAD-MEX land cover + Hansen GFC,
MEX,Mexico,adaptation,CCRA-028,Population density,1,5,0.5,T1,1,MEX-A001,INEGI Censo de Población y Vivienda 2020 — Principales resultados por AGEB y manzana urbana,
MEX,Mexico,adaptation,CCRA-029,Port infrastructures,1,1,0.1,T1,1,MEX-A012,INECC / SEMARNAT coastal vulnerability & SLR studies + tide gauges; IPCC AR6 regional SLR,
MEX,Mexico,adaptation,CCRA-030,Power generation facilities,1,1,0.1,T1,1,MEX-A019,CENACE / CFE / CRE generation registers + WRI Global Power Plant Database,
MEX,Mexico,adaptation,CCRA-031,Protected areas,1,1,0.1,T1,1,MEX-A015,CONANP / CONABIO Áreas Naturales Protegidas + WDPA México,
MEX,Mexico,adaptation,CCRA-032,Railroad density,1,1,0.1,T1,1,MEX-A018,"INEGI / OSM — carretera, ferrocarril, puertos, edificios; Microsoft footprints",
MEX,Mexico,adaptation,CCRA-033,Relative humidity,1,1,0.1,T1,1,MEX-A010,SMN / CONAGUA climate + INECC escenarios de cambio climático (proyecciones nacionales),
MEX,Mexico,adaptation,CCRA-034,Road density,1,1,0.1,T1,1,MEX-A018,"INEGI / OSM — carretera, ferrocarril, puertos, edificios; Microsoft footprints",
MEX,Mexico,adaptation,CCRA-035,Sea Level change,1,1,0.1,T1,1,MEX-A010,SMN / CONAGUA climate + INECC escenarios de cambio climático (proyecciones nacionales),
MEX,Mexico,adaptation,CCRA-036,Standardized Precipitation Evapotranspiration Index (SPEI),1,1,0.1,T1,1,MEX-A010,SMN / CONAGUA climate + INECC escenarios de cambio climático (proyecciones nacionales),
MEX,Mexico,adaptation,CCRA-037,Total precipitation,1,1,0.1,T1,1,MEX-A010,SMN / CONAGUA climate + INECC escenarios de cambio climático (proyecciones nacionales),
MEX,Mexico,adaptation,CCRA-038,Urban infrastructure social vulnerability,1,5,0.5,T1,1,MEX-A001,INEGI Censo de Población y Vivienda 2020 — Principales resultados por AGEB y manzana urbana,
MEX,Mexico,adaptation,CCRA-039,Urban stormwater drainage coverage,0,0,0.0,,0,,,no usable dataset / gap
MEX,Mexico,adaptation,CCRA-040,Waste Collection,1,1,0.1,T1,1,MEX-A022,SEMARNAT residuos / INEGI waste statistics + municipal collection open data,
MEX,Mexico,adaptation,CCRA-041,Water security index,1,1,0.1,T1,1,MEX-A010,SMN / CONAGUA climate + INECC escenarios de cambio climático (proyecciones nacionales),
PHL,Philippines,mitigation,I.1,Residential buildings,1,10,1.0,T1,1,PHL-001,Philippines Biennial Transparency Report (BTR1) — National GHG Inventories 2015 & 2020,
PHL,Philippines,mitigation,I.2,Commercial & institutional buildings,1,10,1.0,T1,1,PHL-001,Philippines Biennial Transparency Report (BTR1) — National GHG Inventories 2015 & 2020,
PHL,Philippines,mitigation,I.3,Manufacturing industries & construction,1,10,1.0,T1,1,PHL-001,Philippines Biennial Transparency Report (BTR1) — National GHG Inventories 2015 & 2020,
PHL,Philippines,mitigation,I.4,Energy industries,1,10,1.0,T1,0,PHL-001,Philippines Biennial Transparency Report (BTR1) — National GHG Inventories 2015 & 2020,
PHL,Philippines,mitigation,I.5,"Agriculture, forestry & fishing energy",1,4,0.4,T1,0,PHL-001,Philippines Biennial Transparency Report (BTR1) — National GHG Inventories 2015 & 2020,
PHL,Philippines,mitigation,I.6,Non-specified sources,0,0,0.0,,0,,,no usable dataset / gap
PHL,Philippines,mitigation,I.7,"Fugitive emissions from mining, processing, storage & transport of coal",1,4,0.4,T1,0,PHL-001,Philippines Biennial Transparency Report (BTR1) — National GHG Inventories 2015 & 2020,
PHL,Philippines,mitigation,I.8,Fugitive emissions from oil & natural gas systems,1,4,0.4,T1,0,PHL-001,Philippines Biennial Transparency Report (BTR1) — National GHG Inventories 2015 & 2020,
PHL,Philippines,mitigation,II.1,On-road transportation,1,10,1.0,T1,1,PHL-001,Philippines Biennial Transparency Report (BTR1) — National GHG Inventories 2015 & 2020,
PHL,Philippines,mitigation,II.2,Railways,1,3,0.3,T1,1,PHL-001,Philippines Biennial Transparency Report (BTR1) — National GHG Inventories 2015 & 2020,
PHL,Philippines,mitigation,II.3,Waterborne navigation,1,10,1.0,T1,1,PHL-001,Philippines Biennial Transparency Report (BTR1) — National GHG Inventories 2015 & 2020,
PHL,Philippines,mitigation,II.4,Aviation,1,10,1.0,T1,1,PHL-001,Philippines Biennial Transparency Report (BTR1) — National GHG Inventories 2015 & 2020,
PHL,Philippines,mitigation,II.5,Off-road transportation,1,4,0.4,T1,0,PHL-001,Philippines Biennial Transparency Report (BTR1) — National GHG Inventories 2015 & 2020,
PHL,Philippines,mitigation,III.1,Solid waste disposal,1,10,1.0,T1,1,PHL-001,Philippines Biennial Transparency Report (BTR1) — National GHG Inventories 2015 & 2020,
PHL,Philippines,mitigation,III.2,Biological treatment of waste,1,7,0.7,T1,0,PHL-001,Philippines Biennial Transparency Report (BTR1) — National GHG Inventories 2015 & 2020,
PHL,Philippines,mitigation,III.3,Incineration & open burning,1,7,0.7,T1,0,PHL-001,Philippines Biennial Transparency Report (BTR1) — National GHG Inventories 2015 & 2020,
PHL,Philippines,mitigation,III.4,Wastewater treatment & discharge,1,4,0.4,T1,1,PHL-001,Philippines Biennial Transparency Report (BTR1) — National GHG Inventories 2015 & 2020,
PHL,Philippines,mitigation,IV.1,Industrial processes,1,10,1.0,T1,0,PHL-001,Philippines Biennial Transparency Report (BTR1) — National GHG Inventories 2015 & 2020,
PHL,Philippines,mitigation,IV.2,Product use,1,2,0.2,T1,0,PHL-001,Philippines Biennial Transparency Report (BTR1) — National GHG Inventories 2015 & 2020,
PHL,Philippines,mitigation,V.1,Livestock,1,10,1.0,T1,0,PHL-001,Philippines Biennial Transparency Report (BTR1) — National GHG Inventories 2015 & 2020,
PHL,Philippines,mitigation,V.2,Land,1,10,1.0,T1,0,PHL-001,Philippines Biennial Transparency Report (BTR1) — National GHG Inventories 2015 & 2020,
PHL,Philippines,mitigation,V.3,Aggregate sources & non-CO₂ emissions sources on land,1,10,1.0,T1,0,PHL-001,Philippines Biennial Transparency Report (BTR1) — National GHG Inventories 2015 & 2020,
PHL,Philippines,mitigation,VI.1,Other Scope 3,1,0,0.0,T1,0,PHL-023,Family Income and Expenditure Survey (FIES) — energy-related expenditure,
PHL,Philippines,adaptation,CCRA-001,Age Distribution,1,10,1.0,T1,1,PHL-A001,"PSA Census of Population and Housing 2020 — barangay population, age/sex, housing & WASH",
PHL,Philippines,adaptation,CCRA-002,Agricultural GDP share,1,1,0.1,T1,0,PHL-A023,PSA / DA agriculture & fisheries statistics (OpenSTAT),
PHL,Philippines,adaptation,CCRA-003,Agricultural establishment density,1,1,0.1,T1,0,PHL-A023,PSA / DA agriculture & fisheries statistics (OpenSTAT),
PHL,Philippines,adaptation,CCRA-004,Agricultural land area,1,1,0.1,T1,1,PHL-A023,PSA / DA agriculture & fisheries statistics (OpenSTAT),
PHL,Philippines,adaptation,CCRA-005,Areas of global conservation value,1,1,0.1,T2,1,PHL-A021,World Database on Protected Areas (WDPA) + NIPAS sites,
PHL,Philippines,adaptation,CCRA-006,Biodiversity Intactness Index (BII),1,1,0.1,T3,1,PHL-A022,Biodiversity Intactness Index (BII) + KBAs,
PHL,Philippines,adaptation,CCRA-007,Confirmed disease cases,1,1,0.1,T1,0,PHL-A006,"NDHS / DHS Philippines — health, WASH, nutrition",
PHL,Philippines,adaptation,CCRA-008,Dependence on large-scale irrigation,1,1,0.1,T1,1,PHL-A023,PSA / DA agriculture & fisheries statistics (OpenSTAT),
PHL,Philippines,adaptation,CCRA-009,Electricity consumption,1,1,0.1,T1,0,PHL-A030,DOE Power Statistics / Meralco & electric cooperative sales; HECS,
PHL,Philippines,adaptation,CCRA-010,Energy poverty,1,1,0.1,T1,1,PHL-A002,PSA poverty statistics (FIES / SAE) + OpenSTAT poverty,
PHL,Philippines,adaptation,CCRA-011,Flood Threat Index,1,10,1.0,T1,1,PHL-A007,Project NOAH — Flood hazard maps (5 / 25 / 100-year return periods),
PHL,Philippines,adaptation,CCRA-012,Food production and marketing,1,1,0.1,T1,0,PHL-A023,PSA / DA agriculture & fisheries statistics (OpenSTAT),
PHL,Philippines,adaptation,CCRA-013,Forest cover,1,10,1.0,T2,1,PHL-A019,Hansen Global Forest Change (treecover / loss),
PHL,Philippines,adaptation,CCRA-014,Forest loss,1,10,1.0,T2,1,PHL-A019,Hansen Global Forest Change (treecover / loss),
PHL,Philippines,adaptation,CCRA-015,Health and basic services access,1,5,0.5,T1,1,PHL-A001,"PSA Census of Population and Housing 2020 — barangay population, age/sex, housing & WASH",
PHL,Philippines,adaptation,CCRA-016,Health facility density,1,1,0.1,T1,1,PHL-A027,DOH National Health Facility Registry / healthsites.io,
PHL,Philippines,adaptation,CCRA-017,Households in hazard-prone areas,1,10,1.0,T1,1,PHL-A003,Philippines COD-AB — subnational administrative boundaries (ADM0–4),
PHL,Philippines,adaptation,CCRA-018,Inadequate Sanitation,1,5,0.5,T1,1,PHL-A001,"PSA Census of Population and Housing 2020 — barangay population, age/sex, housing & WASH",
PHL,Philippines,adaptation,CCRA-019,Inadequate water access,1,5,0.5,T1,1,PHL-A001,"PSA Census of Population and Housing 2020 — barangay population, age/sex, housing & WASH",
PHL,Philippines,adaptation,CCRA-020,Income,1,1,0.1,T1,1,PHL-A002,PSA poverty statistics (FIES / SAE) + OpenSTAT poverty,
PHL,Philippines,adaptation,CCRA-021,Industrial GDP share,1,1,0.1,T1,0,PHL-A025,PSA National Accounts — agriculture & industry GDP shares,
PHL,Philippines,adaptation,CCRA-022,Landslide Susceptibility,1,1,0.1,T1,1,PHL-A008,Project NOAH — Landslide susceptibility & debris-flow / alluvial-fan hazards,
PHL,Philippines,adaptation,CCRA-023,Landslide Threat Index,1,10,1.0,T1,1,PHL-A008,Project NOAH — Landslide susceptibility & debris-flow / alluvial-fan hazards,
PHL,Philippines,adaptation,CCRA-024,Maximum Consecutive Dry Days (CDD),1,10,1.0,T1,1,PHL-A012,PAGASA drought / dry-spell assessments + SPEI/SPI agri-impact maps,
PHL,Philippines,adaptation,CCRA-025,Maximum Precipitation 5 days (Rx5day),1,10,1.0,T1,1,PHL-A012,PAGASA drought / dry-spell assessments + SPEI/SPI agri-impact maps,
PHL,Philippines,adaptation,CCRA-026,Maximum temperature,1,1,0.1,T1,1,PHL-A013,PAGASA CliMap — historical & CMIP6 projected climate (municipal),
PHL,Philippines,adaptation,CCRA-027,Natural vegetation cover,1,10,1.0,T2,1,PHL-A019,Hansen Global Forest Change (treecover / loss),
PHL,Philippines,adaptation,CCRA-028,Population density,1,10,1.0,T1,1,PHL-A001,"PSA Census of Population and Housing 2020 — barangay population, age/sex, housing & WASH",
PHL,Philippines,adaptation,CCRA-029,Port infrastructures,1,1,0.1,T1,1,PHL-A009,Project NOAH — Storm surge advisory hazard maps (SSA 1–4),
PHL,Philippines,adaptation,CCRA-030,Power generation facilities,1,1,0.1,T2,1,PHL-A029,Global Power Plant Database / DOE power plant lists,
PHL,Philippines,adaptation,CCRA-031,Protected areas,1,1,0.1,T2,1,PHL-A021,World Database on Protected Areas (WDPA) + NIPAS sites,
PHL,Philippines,adaptation,CCRA-032,Railroad density,1,1,0.1,T3,1,PHL-A026,"OpenStreetMap — roads, rail, ports, health, buildings",
PHL,Philippines,adaptation,CCRA-033,Relative humidity,1,1,0.1,T1,1,PHL-A013,PAGASA CliMap — historical & CMIP6 projected climate (municipal),
PHL,Philippines,adaptation,CCRA-034,Road density,1,1,0.1,T3,1,PHL-A026,"OpenStreetMap — roads, rail, ports, health, buildings",
PHL,Philippines,adaptation,CCRA-035,Sea Level change,1,1,0.1,T1,1,PHL-A009,Project NOAH — Storm surge advisory hazard maps (SSA 1–4),
PHL,Philippines,adaptation,CCRA-036,Standardized Precipitation Evapotranspiration Index (SPEI),1,1,0.1,T1,1,PHL-A012,PAGASA drought / dry-spell assessments + SPEI/SPI agri-impact maps,
PHL,Philippines,adaptation,CCRA-037,Total precipitation,1,10,1.0,T1,1,PHL-A012,PAGASA drought / dry-spell assessments + SPEI/SPI agri-impact maps,
PHL,Philippines,adaptation,CCRA-038,Urban infrastructure social vulnerability,1,5,0.5,T1,1,PHL-A001,"PSA Census of Population and Housing 2020 — barangay population, age/sex, housing & WASH",
PHL,Philippines,adaptation,CCRA-039,Urban stormwater drainage coverage,1,1,0.1,T2,1,PHL-A043,OEF Flood / Heat / Landslide mechanism-type layers (NbS screening),
PHL,Philippines,adaptation,CCRA-040,Waste Collection,1,5,0.5,T1,1,PHL-A001,"PSA Census of Population and Housing 2020 — barangay population, age/sex, housing & WASH",
PHL,Philippines,adaptation,CCRA-041,Water security index,1,1,0.1,T1,1,PHL-A024,NIA / DA irrigation service areas + FAO WaPOR,
