iso3,country,track,dataset_id,dataset_name,publisher,tier,cells_touched,n_cells,years_contributed,n_years,notes
ARG,Argentina,mitigation,ARG-001,Inventario Nacional de Gases de Efecto Invernadero (INGEI) / Informe Nacional de Inventario (INI),"Subsecretaría de Ambiente (Secretaría de Ambiente, Turismo y Deportes)",T1,I.1;I.2;I.3;I.4;I.5;I.7;I.8;II.1;II.2;II.3;II.4;II.5;III.1;III.2;III.3;III.4;IV.1;IV.2;V.1;V.2;V.3,21,2015;2016;2017;2018;2019;2020;2021;2022;2024,9,
ARG,Argentina,mitigation,ARG-002,Asignación por jurisdicción del INGEI (desagregación provincial),Subsecretaría de Ambiente,T1,I.1;I.2;I.3;I.4;I.5;I.7;I.8;II.1;II.2;II.3;II.4;II.5;III.1;III.2;III.3;III.4;IV.1;IV.2;V.1;V.2;V.3,21,2015;2016;2017;2018;2019;2020;2021;2022,8,
ARG,Argentina,mitigation,ARG-003,Balance Energético Nacional (BEN),Secretaría de Energía,T1,I.1;I.2;I.3;I.4;I.5;II.1,6,2022;2023;2024,3,
ARG,Argentina,mitigation,ARG-004,CAMMESA — datos del Mercado Eléctrico Mayorista,CAMMESA,T1,I.4,1,,0,
ARG,Argentina,mitigation,ARG-005,ENARGAS — anuarios y estadísticas de gas natural,Ente Nacional Regulador del Gas (ENARGAS),T1,I.1;I.2;I.3;I.8,4,,0,
ARG,Argentina,mitigation,ARG-006,SESCO / estadísticas de hidrocarburos (producción petróleo y gas),Secretaría de Energía,T1,I.4;I.8,2,,0,
ARG,Argentina,mitigation,ARG-007,Volúmenes de combustibles — bocas de expendio y despacho (Res. S.E. 1104/2004 y afines),Secretaría de Energía,T1,I.1;I.2;I.3;II.1;II.5,5,,0,
ARG,Argentina,mitigation,ARG-008,INDEC — Cuenta de emisiones al aire (CEA-GEI) / cuentas ambientales,Instituto Nacional de Estadística y Censos (INDEC),T1,I.1;I.2;I.3;I.4;II.1;VI.1,6,,0,
ARG,Argentina,mitigation,ARG-009,Censo Nacional Agropecuario (CNA 2018) y estadísticas agropecuarias,INDEC / Ministerio de Agricultura (encuestas),T1,I.5;V.1;V.2;V.3,4,2018,1,
ARG,Argentina,mitigation,ARG-010,Inventario Nacional Forestal / monitoreo de bosques (UMSEF / Dirección de Bosques),Ministerio de Ambiente / Dirección Nacional de Bosques (UMSEF),T1,V.2,1,,0,
ARG,Argentina,mitigation,ARG-011,Observatorio / estadísticas de RSU (ENGIRSU y productos provinciales),Subsecretaría de Ambiente / provincias / municipios,T1,III.1;III.2;III.3,3,,0,
ARG,Argentina,mitigation,ARG-012,CEAMSE — disposición y tratamiento de RSU del AMBA,CEAMSE (Coordinación Ecológica Área Metropolitana Sociedad del Estado),T3,III.1;III.2,2,,0,
ARG,Argentina,mitigation,ARG-013,Inventario de GEI de la Ciudad de Buenos Aires (IGEI CABA) — GPC,Gobierno de la Ciudad Autónoma de Buenos Aires,T1,I.1;I.2;I.3;I.4;I.8;II.1;II.2;III.1;III.2;III.4,10,2021;2022;2023,3,
ARG,Argentina,mitigation,ARG-014,"Parque automotor / estadísticas de transporte (DNRPA, CNRT, Ministerio de Transporte)",DNRPA / CNRT / Ministerio de Transporte,T1,II.1;II.2,2,,0,
ARG,Argentina,mitigation,ARG-015,ANAC / estadísticas aeroportuarias y aviación,Administración Nacional de Aviación Civil (ANAC),T1,II.4,1,,0,
ARG,Argentina,mitigation,ARG-016,Estadísticas portuarias / fluvial-marítima (AGP y Ministerio de Transporte),Administración General de Puertos / Ministerio de Transporte,T1,II.3,1,,0,
ARG,Argentina,mitigation,ARG-017,AySA / operadores de agua y saneamiento — volúmenes de aguas residuales (AMBA y otras),AySA y empresas provinciales/municipales de agua,T1,III.4,1,,0,
ARG,Argentina,mitigation,ARG-018,ENRE / estadísticas de distribución eléctrica y consumos,Ente Nacional Regulador de la Electricidad (ENRE) / distribuidoras,T1,I.1;I.2;I.3,3,,0,
ARG,Argentina,mitigation,ARG-019,F-gases / uso de productos (INGEI IPPU + desagregación provincial parcial),Subsecretaría de Ambiente,T1,IV.2,1,,0,
ARG,Argentina,mitigation,ARG-020,EDGAR GHG gridded & cities emissions,European Commission JRC,T2,I.1;I.2;I.3;I.4;II.1;II.3;II.4;III.1;IV.1;V.1;V.2;V.3,12,2015;2016;2017;2018;2019;2020;2021;2022;2023;2024,10,
ARG,Argentina,mitigation,ARG-021,Climate TRACE inventory,Climate TRACE,T2,I.3;I.4;I.8;II.1;II.3;II.4;III.1;IV.1;V.2,9,,0,
ARG,Argentina,mitigation,ARG-022,Global Power Plant Database (Argentina),WRI / Global Energy Monitor ecosystem (GPPD),T2,I.4,1,,0,
ARG,Argentina,mitigation,ARG-023,FAOSTAT + Global Forest Watch / coberturas satelitales,FAO / WRI / Copernicus (ESA WorldCover et al.),T2,V.1;V.2;V.3,3,,0,
ARG,Argentina,mitigation,ARG-024,Datos Abiertos Energía (portal datos.gob.ar / datos.energia.gob.ar),Secretaría de Energía,T1,I.1;I.2;I.3;I.4;I.8;II.1,6,,0,
ARG,Argentina,mitigation,ARG-025,"Inventarios municipales GPC / planes locales (ej. Rosario, Córdoba, otras ciudades — series parciales)",Municipios / provincias / programas GCoM,T1,I.1;I.2;I.3;II.1;III.1;III.4,6,,0,
ARG,Argentina,adaptation,ARG-A001,"INDEC Censo Nacional de Población, Hogares y Viviendas 2022 — radios censales (edad, NBI, vivienda, agua/saneamiento)",Instituto Nacional de Estadística y Censos (INDEC),T1,CCRA-001;CCRA-010;CCRA-015;CCRA-018;CCRA-019;CCRA-020;CCRA-028;CCRA-038,8,2022;2023;2024,3,
ARG,Argentina,adaptation,ARG-A002,INDEC NBI / EPH poverty & income indicators (aglomerados + census NBI at radio),INDEC,T1,CCRA-010;CCRA-015;CCRA-020;CCRA-038,4,2022;2023;2024,3,
ARG,Argentina,adaptation,ARG-A003,INDEC Portal Geoestadístico — radios/fracciones/departamentos + IGN administrative boundaries,INDEC / Instituto Geográfico Nacional (IGN),T1,CCRA-017,1,2022,1,
ARG,Argentina,adaptation,ARG-A004,WorldPop / GHSL population grids (Argentina),WorldPop / JRC,T2,CCRA-017;CCRA-028,2,2024,1,
ARG,Argentina,adaptation,ARG-A005,Ministerio de Salud / provincial health open data + OSM healthcare POIs,Ministerio de Salud / provincias / OSM,T1,CCRA-007;CCRA-015;CCRA-016,3,2024,1,
ARG,Argentina,adaptation,ARG-A006,INA / provincial flood hazard & floodplain studies + CABA/AMBA inundación open layers,Instituto Nacional del Agua (INA) / provincias / CABA,T1,CCRA-011;CCRA-017,2,2024,1,
ARG,Argentina,adaptation,ARG-A007,SINAGIR / Defensa Civil risk inventories & municipal risk maps (flood/landslide where published),SINAGIR / municipios,T1,CCRA-011;CCRA-017,2,2024,1,
ARG,Argentina,adaptation,ARG-A008,JRC Global River Flood Hazard + WRI Aqueduct Flood,JRC / WRI,T2,CCRA-011,1,2024,1,
ARG,Argentina,adaptation,ARG-A009,NASA LHASA + Copernicus DEM / MERIT HAND (landslide drivers),NASA / ESA / MERIT,T2,CCRA-022;CCRA-023,2,2024,1,
ARG,Argentina,adaptation,ARG-A010,SMN observational climate + 3ra Comunicación Nacional / proyecciones climáticas nacionales,Servicio Meteorológico Nacional / Subsecretaría de Ambiente,T1,CCRA-024;CCRA-025;CCRA-026;CCRA-033;CCRA-035;CCRA-036;CCRA-037;CCRA-041,8,2024,1,
ARG,Argentina,adaptation,ARG-A011,CHIRPS + ERA5-Land extremes / OEF HWM & FRI inputs,UCSB CHIRPS / ECMWF / OEF,T2,CCRA-011;CCRA-024;CCRA-025;CCRA-026;CCRA-033;CCRA-036;CCRA-037,7,2024,1,
ARG,Argentina,adaptation,ARG-A012,Servicio de Hidrografía Naval (SHN) / IPCC AR6 regional SLR + Río de la Plata coastal/sudestada studies,SHN / IPCC / research–provincial coastal programs,T1,CCRA-029;CCRA-035,2,2024,1,
ARG,Argentina,adaptation,ARG-A013,SEGEMAR geological hazard / landslide inventories + provincial susceptibility (Andes/Sierras),SEGEMAR / provincias,T1,CCRA-017;CCRA-022;CCRA-023,3,2024,1,
ARG,Argentina,adaptation,ARG-A014,INDEC Censo Nacional Agropecuario 2018 + MAGyP land use / irrigation statistics,"INDEC / Ministerio de Agricultura, Ganadería y Pesca",T1,CCRA-002;CCRA-003;CCRA-004;CCRA-008;CCRA-012,5,2018;2019;2020;2021;2022;2023;2024,7,
ARG,Argentina,adaptation,ARG-A015,UMSEF / Dirección de Bosques monitores + Hansen GFC + ESA WorldCover,MAGyP / UMD / ESA,T1,CCRA-013;CCRA-014;CCRA-027,3,2024,1,
ARG,Argentina,adaptation,ARG-A016,SIB / APN áreas protegidas + WDPA Argentina,Administración de Parques Nacionales / Ambiente / UNEP-WCMC,T1,CCRA-005;CCRA-031,2,2024,1,
ARG,Argentina,adaptation,ARG-A017,Biodiversity Intactness Index + KBAs (Argentina),NHM / BirdLife,T3,CCRA-005;CCRA-006,2,2024,1,
ARG,Argentina,adaptation,ARG-A018,INDEC Cuentas Nacionales / provincial GVA by industry (agro & industry shares),INDEC,T1,CCRA-002;CCRA-021,2,2024,1,
ARG,Argentina,adaptation,ARG-A019,"IGN / OSM — roads, rail, ports, buildings; Microsoft footprints",IGN / OSM / Microsoft,T1,CCRA-017;CCRA-032;CCRA-034;CCRA-038,4,2024,1,
ARG,Argentina,adaptation,ARG-A020,CAMMESA / Secretaría de Energía generation & SESCO; WRI Global Power Plant Database,CAMMESA / Secretaría de Energía / WRI,T1,CCRA-009;CCRA-030,2,2024,1,
ARG,Argentina,adaptation,ARG-A021,Balance Energético Nacional (BEN) / CAMMESA demand; ENRE–ENARGAS; census energy proxies,Secretaría de Energía / CAMMESA / reguladores,T1,CCRA-009;CCRA-010,2,2022;2023;2024,3,
ARG,Argentina,adaptation,ARG-A022,INA / AySA & provincial water utilities performance; Water Security / drought indicators,INA / AySA / provincial operators / Ambiente,T1,CCRA-019;CCRA-041,2,2024,1,
ARG,Argentina,adaptation,ARG-A023,ENGIRSU / Observatorio RSU + CEAMSE (AMBA) + municipal waste open data,Ambiente / CEAMSE / municipios,T1,CCRA-040,1,2024,1,
ARG,Argentina,adaptation,ARG-A024,AGP / puertos nacionales & provinciales + OSM harbour features,AGP / prefectura–ports / OSM,T1,CCRA-029,1,2024,1,
ARG,Argentina,adaptation,ARG-A028,OEF CHIRPS–COPDEM Flood Risk Index (FRI) — present+SSP,Open Earth Foundation,T2,CCRA-011,1,2024,1,
ARG,Argentina,adaptation,ARG-A029,OEF Flood Hazard Score (city screening ensemble),Open Earth Foundation (models/flood_hazard),T2,CCRA-011;CCRA-017,2,2024,1,
ARG,Argentina,adaptation,ARG-A030,OEF Heat Hazard Score (city screening ensemble),Open Earth Foundation (models/heat_hazard),T2,CCRA-026,1,2024,1,
ARG,Argentina,adaptation,ARG-A031,OEF Landslide Hazard Score (city screening ensemble),Open Earth Foundation (models/landslide_hazard),T2,CCRA-022;CCRA-023,2,2024,1,
ARG,Argentina,adaptation,ARG-A032,OEF Flood Risk Score H×E×V (city screening),Open Earth Foundation (flood_risk),T2,CCRA-011;CCRA-017;CCRA-028,3,2024,1,
ARG,Argentina,adaptation,ARG-A033,OEF Heat Risk Score H×E×V (city screening),Open Earth Foundation (heat_risk),T2,CCRA-001;CCRA-026;CCRA-028,3,2024,1,
ARG,Argentina,adaptation,ARG-A034,OEF Landslide Risk Score H×E×V (city screening),Open Earth Foundation (landslide_risk),T2,CCRA-017;CCRA-022;CCRA-023;CCRA-028,4,2024,1,
ARG,Argentina,adaptation,ARG-A035,OEF shared city Exposure score (population density screening),Open Earth Foundation,T2,CCRA-017;CCRA-028,2,2024,1,
ARG,Argentina,adaptation,ARG-A036,OEF shared city Vulnerability score (age/social screening),Open Earth Foundation,T2,CCRA-001;CCRA-020;CCRA-038,3,2024,1,
ARG,Argentina,adaptation,ARG-A037,OEF Flood / Heat / Landslide mechanism-type layers (NbS screening),Open Earth Foundation (nbs_*_mechanism_type),T2,CCRA-011;CCRA-023;CCRA-026,3,2024,1,
AUS,Australia,mitigation,AUS-001,Australia's National Greenhouse Accounts / National Inventory Report (NIR),"Department of Climate Change, Energy, the Environment and Water (DCCEEW)",T1,I.1;I.2;I.3;I.4;I.5;I.7;I.8;II.1;II.2;II.3;II.4;II.5;III.1;III.2;III.3;III.4;IV.1;IV.2;V.1;V.2;V.3,21,2015;2016;2017;2018;2019;2020;2021;2022;2023;2024,10,
AUS,Australia,mitigation,AUS-002,State and Territory Greenhouse Gas Inventories,DCCEEW,T1,I.1;I.2;I.3;I.4;I.5;I.7;I.8;II.1;II.2;II.3;II.4;II.5;III.1;III.2;III.3;III.4;IV.1;IV.2;V.1;V.2;V.3,21,2024,1,
AUS,Australia,mitigation,AUS-003,National Greenhouse and Energy Reporting (NGER) — corporate & electricity facility data,Clean Energy Regulator (CER),T1,I.3;I.4;I.8;II.5;III.1;III.4;IV.1,7,2024,1,
AUS,Australia,mitigation,AUS-004,National Greenhouse Accounts Factors,DCCEEW,T1,I.1;I.2;I.3;I.4;II.1;II.2;II.3;II.4;II.5;III.1;III.4;IV.2;VI.1,13,,0,
AUS,Australia,mitigation,AUS-005,Australian Energy Statistics / Australian Energy Update,DCCEEW (energy.gov.au),T1,I.1;I.2;I.3;I.4;I.5;II.1,6,2023,1,
AUS,Australia,mitigation,AUS-006,"Energy Account, Australia (ABS)",Australian Bureau of Statistics (ABS),T1,I.1;I.2;I.3;I.4;II.1;VI.1,6,2023,1,
AUS,Australia,mitigation,AUS-007,"AEMO NEM / electricity market data (generation, demand, carbon intensity products)",Australian Energy Market Operator (AEMO),T1,I.4,1,,0,
AUS,Australia,mitigation,AUS-008,BITRE Australian Infrastructure and Transport Statistics Yearbook (road/rail/aviation/maritime),Bureau of Infrastructure and Transport Research Economics (BITRE),T1,II.1;II.2;II.3;II.4,4,,0,
AUS,Australia,mitigation,AUS-009,ABS Motor Vehicle Census / vehicle registrations,Australian Bureau of Statistics,T1,II.1,1,,0,
AUS,Australia,mitigation,AUS-010,National Waste and Resource Recovery Database / Report,DCCEEW,T1,III.1;III.2;III.3,3,2022;2024,2,
AUS,Australia,mitigation,AUS-011,ABS Agricultural Census / ABARES agricultural statistics,ABS / ABARES (DAFF),T1,I.5;V.1;V.2;V.3,4,2020,1,
AUS,Australia,mitigation,AUS-012,FullCAM / Australia land sector carbon accounting (National Greenhouse Accounts),DCCEEW,T1,V.2;V.3,2,2024,1,
AUS,Australia,mitigation,AUS-013,Australia's State of the Forests / ABARES forest statistics,ABARES / Montreal Process Implementation Group,T1,V.2,1,,0,
AUS,Australia,mitigation,AUS-014,National Pollutant Inventory (NPI),DCCEEW,T1,I.3;III.3;IV.1,3,2024,1,
AUS,Australia,mitigation,AUS-015,Snapshot Climate — municipal community GHG profiles,Ironbark Sustainability / Beyond Zero Emissions (Snapshot),T3,I.1;I.2;I.3;I.4;I.8;II.1;II.2;III.1;III.4;IV.1;IV.2;V.1;V.2,13,,0,
AUS,Australia,mitigation,AUS-016,City of Melbourne Municipal Greenhouse Gas Emissions (open data),City of Melbourne,T1,I.1;I.2;I.3;I.4;II.1;II.2;III.1;III.4,8,2015;2016;2017;2018;2019;2020;2021;2022;2023;2024,10,
AUS,Australia,mitigation,AUS-017,Safeguard Mechanism facility emissions (CER),Clean Energy Regulator,T1,I.3;I.4;I.8;IV.1,4,,0,
AUS,Australia,mitigation,AUS-018,DNSP / gas distributor open LGA energy consumption extracts (selected networks),Distribution networks (e.g. Jemena and other DNSPs/gas distributors) + state open data portals,T1,I.1;I.2;I.3,3,,0,
AUS,Australia,mitigation,AUS-019,Bureau of Meteorology / water corporation wastewater & urban water reporting,BOM (National Performance Report) / state water corporations,T1,III.4,1,,0,
AUS,Australia,mitigation,AUS-020,Australian Petroleum Statistics / upstream oil & gas production data,DCCEEW / geoscience & resources statistics,T1,I.4;I.8,2,,0,
AUS,Australia,mitigation,AUS-021,Household energy surveys / ABS household consumption modules,Australian Bureau of Statistics,T1,I.1;VI.1,2,,0,
AUS,Australia,mitigation,AUS-022,EDGAR GHG gridded & cities emissions,European Commission JRC,T2,I.1;I.2;I.3;I.4;II.1;II.3;II.4;III.1;IV.1;V.1;V.2;V.3,12,2015;2016;2017;2018;2019;2020;2021;2022;2023;2024,10,
AUS,Australia,mitigation,AUS-023,Climate TRACE inventory,Climate TRACE,T2,I.3;I.4;I.8;II.1;II.3;II.4;III.1;IV.1;V.2,9,,0,
AUS,Australia,mitigation,AUS-024,Global Power Plant Database (Australia),WRI / Global Energy Monitor ecosystem (GPPD),T2,I.4,1,,0,
AUS,Australia,mitigation,AUS-025,F-gas / product-use emissions (NGA IPPU + NGA Factors refrigerants),DCCEEW,T1,IV.2,1,2024,1,
AUS,Australia,adaptation,AUS-A001,"ABS Census of Population and Housing 2021 — SA1/SA2 General Community Profiles (age, income, housing, dwellings)",Australian Bureau of Statistics (ABS),T1,CCRA-001;CCRA-010;CCRA-015;CCRA-018;CCRA-019;CCRA-020;CCRA-028;CCRA-038,8,2016;2017;2018;2019;2020;2021;2022;2023;2024,9,
AUS,Australia,adaptation,AUS-A002,ABS SEIFA 2021 (IRSD / IRSAD / IER / IEO) — SA1,Australian Bureau of Statistics,T1,CCRA-010;CCRA-015;CCRA-020;CCRA-038,4,2021;2022;2023;2024,4,
AUS,Australia,adaptation,AUS-A003,ABS ASGS Edition 3 digital boundaries (Mesh Block / SA1 / SA2 / LGA / GCCSA),Australian Bureau of Statistics,T1,CCRA-017,1,2021,1,
AUS,Australia,adaptation,AUS-A004,WorldPop / GHSL population grids (Australia),WorldPop / JRC,T2,CCRA-017;CCRA-028,2,2024,1,
AUS,Australia,adaptation,AUS-A005,AIHW / state health facility directories + OSM healthcare POIs,AIHW / state health departments / OSM,T1,CCRA-007;CCRA-015;CCRA-016,3,2024,1,
AUS,Australia,adaptation,AUS-A006,Australian Flood Risk Information Portal (AFRIP) / GA Flood Study Database + WMS/WFS,Geoscience Australia,T1,CCRA-011;CCRA-017,2,2018;2019;2020;2021;2022;2023;2024,7,
AUS,Australia,adaptation,AUS-A007,State/territory flood hazard portals (NSW SES Flood Data / QLD FloodCheck / VIC FloodZoom / WA/SA/NT/ACT council & SES layers),State SES / water / planning agencies,T1,CCRA-011;CCRA-017,2,2024,1,
AUS,Australia,adaptation,AUS-A008,GA Water Observations from Space (WOfS) / DEA Water Observations — historic inundation frequency,Geoscience Australia / Digital Earth Australia,T1,CCRA-011;CCRA-017,2,2024,1,
AUS,Australia,adaptation,AUS-A009,JRC Global River Flood Hazard + WRI Aqueduct Flood,JRC / WRI,T2,CCRA-011,1,2024,1,
AUS,Australia,adaptation,AUS-A010,NASA LHASA + Copernicus DEM / MERIT HAND (landslide drivers),NASA / ESA / MERIT,T2,CCRA-022;CCRA-023,2,2024,1,
AUS,Australia,adaptation,AUS-A011,Climate Change in Australia / NCRA / CSIRO–BoM national climate projections (CMIP),CSIRO / Bureau of Meteorology / DCCEEW,T1,CCRA-024;CCRA-025;CCRA-026;CCRA-035;CCRA-036;CCRA-037,6,2024,1,
AUS,Australia,adaptation,AUS-A012,Bureau of Meteorology climate grids / AWAP / AGCD + drought statements; SPEI/CDD/Rx5day derivable,Bureau of Meteorology,T1,CCRA-024;CCRA-025;CCRA-026;CCRA-033;CCRA-036;CCRA-037;CCRA-041,7,2024,1,
AUS,Australia,adaptation,AUS-A013,CHIRPS + ERA5-Land extremes / OEF HWM & FRI inputs,UCSB CHIRPS / ECMWF / OEF transforms,T2,CCRA-011;CCRA-024;CCRA-025;CCRA-033;CCRA-036;CCRA-037,6,2024,1,
AUS,Australia,adaptation,AUS-A014,CoastAdapt / Canute / GA coastal + IPCC AR6 regional SLR; state coastal hazard overlays,NCCARF / CSIRO / Geoscience Australia / states,T1,CCRA-029;CCRA-035,2,2024,1,
AUS,Australia,adaptation,AUS-A015,GA National Landslide Database / state landslide susceptibility inventories + DEM drivers,Geoscience Australia / state geological surveys,T1,CCRA-017;CCRA-022;CCRA-023,3,2024,1,
AUS,Australia,adaptation,AUS-A016,ABARES / ABS Agricultural Census + Catchment Scale Land Use (CLUM) / irrigated agriculture layers,ABARES / ABS / DAFF,T1,CCRA-002;CCRA-003;CCRA-004;CCRA-008;CCRA-012,5,2024,1,
AUS,Australia,adaptation,AUS-A017,Australia's State of the Forests / National Forest Inventory + Hansen GFC + DEA land cover,DAFF / ABARES / UMD / DEA,T1,CCRA-013;CCRA-014;CCRA-027,3,2024,1,
AUS,Australia,adaptation,AUS-A018,Collaborative Australian Protected Areas Database (CAPAD) / WDPA,DCCEEW / UNEP-WCMC,T1,CCRA-005;CCRA-031,2,2024,1,
AUS,Australia,adaptation,AUS-A019,Biodiversity Intactness Index + Key Biodiversity Areas (Australia),NHM / BirdLife,T3,CCRA-005;CCRA-006,2,2024,1,
AUS,Australia,adaptation,AUS-A020,ABS National Accounts / state GVA by industry (agriculture & industry shares),Australian Bureau of Statistics,T1,CCRA-002;CCRA-021,2,2024,1,
AUS,Australia,adaptation,AUS-A021,"Geoscape / OSM / PSMA — roads, rail, ports, buildings; Microsoft footprints",Geoscape / OSM / Microsoft,T1,CCRA-017;CCRA-032;CCRA-034;CCRA-038,4,2024,1,
AUS,Australia,adaptation,AUS-A022,AEMO / CER generator registers + WRI Global Power Plant Database,AEMO / Clean Energy Regulator / WRI,T1,CCRA-009;CCRA-030,2,2024,1,
AUS,Australia,adaptation,AUS-A023,Australian Energy Statistics / AER / ABS Energy Account; postcode/SA2 electricity use research,DCCEEW / AER / ABS,T1,CCRA-009;CCRA-010,2,2024,1,
AUS,Australia,adaptation,AUS-A024,BOM National Performance Report (urban water) + National Water Account + Water Market Information,Bureau of Meteorology / ABARES,T1,CCRA-019;CCRA-041,2,2024,1,
AUS,Australia,adaptation,AUS-A025,ABS / state waste statistics + council kerbside collection open data,ABS / DCCEEW / councils,T1,CCRA-040,1,2024,1,
AUS,Australia,adaptation,AUS-A026,Ports Australia / GA maritime infrastructure / OSM harbour features,Ports Australia / Geoscience Australia / OSM,T1,CCRA-029,1,2024,1,
AUS,Australia,adaptation,AUS-A028,OEF CHIRPS–COPDEM Flood Risk Index (FRI) — present+SSP,Open Earth Foundation,T2,CCRA-011,1,2024,1,
AUS,Australia,adaptation,AUS-A029,OEF Flood Hazard Score (city screening ensemble),Open Earth Foundation (models/flood_hazard),T2,CCRA-011;CCRA-017,2,2024,1,
AUS,Australia,adaptation,AUS-A030,OEF Heat Hazard Score (city screening ensemble),Open Earth Foundation (models/heat_hazard),T2,CCRA-026,1,2024,1,
AUS,Australia,adaptation,AUS-A031,OEF Landslide Hazard Score (city screening ensemble),Open Earth Foundation (models/landslide_hazard),T2,CCRA-022;CCRA-023,2,2024,1,
AUS,Australia,adaptation,AUS-A032,OEF Flood Risk Score H×E×V (city screening),Open Earth Foundation (flood_risk),T2,CCRA-011;CCRA-017;CCRA-028,3,2024,1,
AUS,Australia,adaptation,AUS-A033,OEF Heat Risk Score H×E×V (city screening),Open Earth Foundation (heat_risk),T2,CCRA-001;CCRA-026;CCRA-028,3,2024,1,
AUS,Australia,adaptation,AUS-A034,OEF Landslide Risk Score H×E×V (city screening),Open Earth Foundation (landslide_risk),T2,CCRA-017;CCRA-022;CCRA-023;CCRA-028,4,2024,1,
AUS,Australia,adaptation,AUS-A035,OEF shared city Exposure score (population density screening),Open Earth Foundation,T2,CCRA-017;CCRA-028,2,2024,1,
AUS,Australia,adaptation,AUS-A036,OEF shared city Vulnerability score (age/social screening),Open Earth Foundation,T2,CCRA-001;CCRA-020;CCRA-038,3,2024,1,
AUS,Australia,adaptation,AUS-A037,OEF Flood / Heat / Landslide mechanism-type layers (NbS screening),Open Earth Foundation (nbs_*_mechanism_type),T2,CCRA-011;CCRA-023;CCRA-026,3,2024,1,
CAN,Canada,mitigation,CAN-001,Canada's Official Greenhouse Gas Inventory / National Inventory Report (NIR),Environment and Climate Change Canada (ECCC),T1,I.1;I.2;I.3;I.4;I.5;I.7;I.8;II.1;II.2;II.3;II.4;II.5;III.1;III.2;III.3;III.4;IV.1;IV.2;V.1;V.2;V.3,21,2015;2016;2017;2018;2019;2020;2021;2022;2023;2024,10,
CAN,Canada,mitigation,CAN-002,Greenhouse Gas Reporting Program (GHGRP) facility emissions,ECCC,T1,I.3;I.4;I.8;II.5;III.1;III.4;IV.1,7,2024,1,
CAN,Canada,mitigation,CAN-003,Canadian System of Environmental-Economic Accounts — energy use & GHG (SEEA PFA),Statistics Canada,T1,I.1;I.2;I.3;I.4;II.1;VI.1,6,2015;2016;2017;2018;2019;2020;2021;2022;2023;2024,10,
CAN,Canada,mitigation,CAN-004,Report on Energy Supply and Demand in Canada (RESD) / energy tables,Statistics Canada / Canadian Centre for Energy Information,T1,I.1;I.2;I.3;I.4;I.5;II.1,6,,0,
CAN,Canada,mitigation,CAN-005,Electric sales / generation statistics (StatCan & provincial utilities open releases),"Statistics Canada; provincial utilities (e.g. Hydro-Québec, BC Hydro, Ontario IESO summaries)",T1,I.1;I.2;I.3;I.4,4,,0,
CAN,Canada,mitigation,CAN-006,Vehicle registrations by type and fuel type (table 23-10-0308),Statistics Canada,T1,II.1,1,2024,1,
CAN,Canada,mitigation,CAN-007,Sales of fuel used for road motor vehicles (StatCan),Statistics Canada,T1,II.1,1,,0,
CAN,Canada,mitigation,CAN-008,Census of Agriculture (incl. geodata products),Statistics Canada,T1,I.5;V.1;V.2;V.3,4,2021,1,
CAN,Canada,mitigation,CAN-009,Canada's National Forest Inventory (NFI) data & maps,Canadian Forest Service / NFI partners,T1,V.2,1,2024,1,
CAN,Canada,mitigation,CAN-010,BC Community Energy and Emissions Inventory (CEEI),Government of British Columbia,T1,I.1;I.2;I.3;II.1;III.1;V.2,6,2015;2016;2017;2018;2019;2020;2021;2024,8,
CAN,Canada,mitigation,CAN-011,Toronto Sector-Based Emissions Inventory (SBEI) / community GHG inventory,City of Toronto,T1,I.1;I.2;I.3;I.4;II.1;II.2;III.1;III.4;IV.1;IV.2,10,2023,1,
CAN,Canada,mitigation,CAN-012,Calgary Community-wide GHG Inventory (Open Calgary),City of Calgary,T1,I.1;I.2;I.3;II.1;III.1;III.4,6,,0,
CAN,Canada,mitigation,CAN-013,CER pipeline throughput & capacity / energy system data,Canada Energy Regulator (CER),T1,I.4;I.8,2,2015;2016;2017;2018;2019;2020;2021;2022;2023;2024,10,
CAN,Canada,mitigation,CAN-014,AER upstream petroleum emissions / Petrinex reporting (Alberta),Alberta Energy Regulator (AER) / Petrinex,T3,I.3;I.4;I.8,3,,0,
CAN,Canada,mitigation,CAN-015,StatCan air carrier / airport traffic statistics,Statistics Canada / airport authorities,T1,II.4,1,,0,
CAN,Canada,mitigation,CAN-016,StatCan rail / marine transport statistics,Statistics Canada / Transport Canada,T1,II.2;II.3,2,,0,
CAN,Canada,mitigation,CAN-017,Waste Management Survey / solid waste statistics (StatCan) + landfill reporters in GHGRP,Statistics Canada; ECCC GHGRP landfill reporters,T1,III.1;III.2;III.3,3,,0,
CAN,Canada,mitigation,CAN-018,National Pollutant Release Inventory (NPRI),ECCC,T1,I.3;III.3;IV.1,3,,0,
CAN,Canada,mitigation,CAN-019,EDGAR GHG gridded & cities emissions,European Commission JRC,T2,I.1;I.2;I.3;I.4;II.1;II.3;II.4;III.1;IV.1;V.1;V.2;V.3,12,2015;2016;2017;2018;2019;2020;2021;2022;2023;2024,10,
CAN,Canada,mitigation,CAN-020,Climate TRACE inventory,Climate TRACE,T2,I.3;I.4;I.8;II.1;II.3;II.4;III.1;IV.1;V.2,9,,0,
CAN,Canada,mitigation,CAN-021,FAOSTAT + Global Forest Watch / ESA WorldCover,FAO / WRI / ESA,T2,V.1;V.2;V.3,3,,0,
CAN,Canada,mitigation,CAN-022,Global Power Plant Database (Canada),WRI,T2,I.4,1,,0,
CAN,Canada,mitigation,CAN-023,Households and the Environment Survey / Survey of Household Spending (energy modules),Statistics Canada,T1,I.1;VI.1,2,,0,
CAN,Canada,mitigation,CAN-024,Municipal wastewater / WWTP reporting (federal effluent + utility open data examples),ECCC wastewater systems effluent regulations reporting; municipal utilities (e.g. Toronto Water open data),T1,III.4,1,,0,
CAN,Canada,mitigation,CAN-025,HFC / refrigeration product-use statistics (NIR IPPU + Environment Canada ODS/HFC reporting context),ECCC (NIR IPPU product use),T1,IV.2,1,,0,
CAN,Canada,adaptation,CAN-A001,"Statistics Canada Census of Population 2021 — Dissemination Area profiles (age, income, housing, dwelling)",Statistics Canada,T1,CCRA-001;CCRA-010;CCRA-015;CCRA-018;CCRA-019;CCRA-020;CCRA-028;CCRA-038;CCRA-040,9,2016;2017;2018;2019;2020;2021;2022;2023;2024,9,
CAN,Canada,adaptation,CAN-A002,Statistics Canada Census Boundary Files + Cartographic Boundary Files (DA/CSD/CT),Statistics Canada,T1,CCRA-017;CCRA-028,2,2021,1,
CAN,Canada,adaptation,CAN-A003,Canadian Area-Level Social Determinants of Health Indicators (CASDOHI) / DA socioeconomic compilations,Research compilations from StatCan Census Profiles,T3,CCRA-001;CCRA-010;CCRA-015;CCRA-020;CCRA-038,5,2015;2016;2017;2018;2019;2020;2021;2022;2023;2024,10,
CAN,Canada,adaptation,CAN-A004,WorldPop / GHSL population grids (Canada),WorldPop / JRC,T2,CCRA-017;CCRA-028,2,2024,1,
CAN,Canada,adaptation,CAN-A005,CCHS / provincial health indicators; PHAC disease surveillance (aggregates),Statistics Canada / PHAC / provinces,T1,CCRA-007;CCRA-015;CCRA-016,3,2024,1,
CAN,Canada,adaptation,CAN-A006,"NRCan Flood Susceptibility Mapping (historic, trends, future) — national ~30 m",Natural Resources Canada,T1,CCRA-011;CCRA-017,2,2015;2016;2017;2018;2019;2020;2021;2022;2023;2024,10,
CAN,Canada,adaptation,CAN-A007,Canada Flood Map Inventory (CFM) + FHIMP provincial/territorial flood hazard maps,NRCan / provinces & territories (FHIMP),T1,CCRA-011;CCRA-017,2,2024,1,
CAN,Canada,adaptation,CAN-A008,JRC Global River Flood Hazard + WRI Aqueduct Flood,JRC / WRI,T2,CCRA-011,1,2024,1,
CAN,Canada,adaptation,CAN-A009,GSC / provincial landslide inventories & susceptibility products,Geological Survey of Canada / provinces,T1,CCRA-017;CCRA-022;CCRA-023,3,2024,1,
CAN,Canada,adaptation,CAN-A010,NASA LHASA + Copernicus DEM / MERIT HAND (landslide drivers),NASA / ESA / MERIT,T2,CCRA-011;CCRA-022;CCRA-023,3,2024,1,
CAN,Canada,adaptation,CAN-A011,"ClimateData.ca / ECCC climate normals, extremes, and CMIP projections",Environment and Climate Change Canada / PCIC partners,T1,CCRA-024;CCRA-025;CCRA-026;CCRA-033;CCRA-036;CCRA-037,6,2024,1,
CAN,Canada,adaptation,CAN-A012,"AAFC / ECCC drought monitoring (CGMS, SPEI/SPI products)",Agriculture and Agri-Food Canada / ECCC,T1,CCRA-024;CCRA-036;CCRA-037,3,2024,1,
CAN,Canada,adaptation,CAN-A013,CHIRPS + ERA5-Land extremes / OEF HWM & FRI inputs,UCSB CHIRPS / ECMWF / OEF transforms,T2,CCRA-011;CCRA-024;CCRA-025;CCRA-026;CCRA-033;CCRA-036,6,2024,1,
CAN,Canada,adaptation,CAN-A014,CanCoast coastal sensitivity indices + relative sea-level change,Natural Resources Canada (GSC),T1,CCRA-017;CCRA-029;CCRA-035,3,2024,1,
CAN,Canada,adaptation,CAN-A015,CAN-EWLAT — Canadian Extreme Water Level Adaptation Tool,Fisheries and Oceans Canada (DFO),T1,CCRA-029;CCRA-035,2,2024,1,
CAN,Canada,adaptation,CAN-A016,AAFC Annual Crop Inventory + Census of Agriculture,Agriculture and Agri-Food Canada / Statistics Canada,T1,CCRA-002;CCRA-003;CCRA-004;CCRA-008;CCRA-012,5,2024,1,
CAN,Canada,adaptation,CAN-A017,"NRCAN / CFS forest inventories, Hansen GFC, ESA WorldCover",NRCan CFS / UMD / ESA,T1,CCRA-013;CCRA-014;CCRA-027,3,2024,1,
CAN,Canada,adaptation,CAN-A018,Canadian Protected and Conserved Areas Database (CPCAD) / WDPA,ECCC / UNEP-WCMC,T1,CCRA-005;CCRA-031,2,2024,1,
CAN,Canada,adaptation,CAN-A019,Biodiversity Intactness Index + KBAs (Canada),NHM / BirdLife,T3,CCRA-005;CCRA-006,2,2024,1,
CAN,Canada,adaptation,CAN-A020,StatCan National Accounts / provincial GDP by industry,Statistics Canada,T1,CCRA-002;CCRA-021,2,2024,1,
CAN,Canada,adaptation,CAN-A021,"National Road Network / CanVec / OpenStreetMap — roads, rail, ports, buildings",NRCan / OSM,T1,CCRA-017;CCRA-029;CCRA-032;CCRA-034;CCRA-038,5,2024,1,
CAN,Canada,adaptation,CAN-A022,Health facility locations (CIHI / provincial open data / OSM),CIHI / provinces / OSM,T1,CCRA-015;CCRA-016,2,2024,1,
CAN,Canada,adaptation,CAN-A023,Port authorities / Transport Canada — port infrastructure & traffic,Canada Port Authorities / Transport Canada,T1,CCRA-029,1,2024,1,
CAN,Canada,adaptation,CAN-A024,CER / WRI Global Power Plant Database — generation facilities,Canada Energy Regulator / WRI,T1,CCRA-030,1,2024,1,
CAN,Canada,adaptation,CAN-A025,StatCan / CER energy use; provincial utility open data; energy poverty research,Statistics Canada / CER / utilities,T1,CCRA-009;CCRA-010,2,2024,1,
CAN,Canada,adaptation,CAN-A026,Microsoft / Google Open Buildings (Canada coverage),Microsoft / Google,T2,CCRA-017;CCRA-038,2,2024,1,
CAN,Canada,adaptation,CAN-A027,WRI Aqueduct Water Risk + StatCan water use / municipal water surveys,WRI / Statistics Canada,T2,CCRA-019;CCRA-041,2,2024,1,
CAN,Canada,adaptation,CAN-A028,OEF CHIRPS–COPDEM Flood Risk Index (FRI) — present+SSP,Open Earth Foundation,T2,CCRA-011,1,2024,1,
CAN,Canada,adaptation,CAN-A029,OEF Flood Hazard Score (city screening ensemble),Open Earth Foundation (models/flood_hazard),T2,CCRA-011;CCRA-017,2,2024,1,
CAN,Canada,adaptation,CAN-A030,OEF Heat Hazard Score (city screening ensemble),Open Earth Foundation (models/heat_hazard),T2,CCRA-026,1,2024,1,
CAN,Canada,adaptation,CAN-A031,OEF Landslide Hazard Score (city screening ensemble),Open Earth Foundation (models/landslide_hazard),T2,CCRA-022;CCRA-023,2,2024,1,
CAN,Canada,adaptation,CAN-A032,OEF Flood Risk Score H×E×V (city screening),Open Earth Foundation (flood_risk),T2,CCRA-011;CCRA-017;CCRA-028,3,2024,1,
CAN,Canada,adaptation,CAN-A033,OEF Heat Risk Score H×E×V (city screening),Open Earth Foundation (heat_risk),T2,CCRA-001;CCRA-026;CCRA-028,3,2024,1,
CAN,Canada,adaptation,CAN-A034,OEF Landslide Risk Score H×E×V (city screening),Open Earth Foundation (landslide_risk),T2,CCRA-017;CCRA-022;CCRA-023;CCRA-028,4,2024,1,
CAN,Canada,adaptation,CAN-A035,OEF shared city Exposure score (population density screening),Open Earth Foundation,T2,CCRA-017;CCRA-028,2,2024,1,
CAN,Canada,adaptation,CAN-A036,OEF shared city Vulnerability score (age/social screening),Open Earth Foundation,T2,CCRA-001;CCRA-020;CCRA-038,3,2024,1,
CAN,Canada,adaptation,CAN-A037,OEF Flood / Heat / Landslide mechanism-type layers (NbS screening),Open Earth Foundation (nbs_*_mechanism_type),T2,CCRA-011;CCRA-023;CCRA-026;CCRA-039,4,2024,1,
CRI,Costa Rica,mitigation,CRI-001,Inventario Nacional de Gases de Efecto Invernadero (INGEI) — IMN/DCC,Instituto Meteorológico Nacional (IMN) / Dirección de Cambio Climático (MINAE),T1,I.1;I.2;I.3;I.4;I.5;I.8;II.1;II.2;II.3;II.4;II.5;III.1;III.2;III.3;III.4;IV.1;IV.2;V.1;V.2;V.3,20,2015;2016;2017;2018;2019;2020;2021,7,
CRI,Costa Rica,mitigation,CRI-002,SINAMECC — Sistema Nacional de Métrica de Cambio Climático (datos abiertos),MINAE / Dirección de Cambio Climático,T1,I.1;I.2;I.3;I.4;II.1;III.1;IV.1;V.1;V.2;VI.1,10,2015;2016;2017;2018;2019;2020;2021;2022;2023;2024,10,
CRI,Costa Rica,mitigation,CRI-003,Balance Nacional de Energía (BNE) — SEPSE,Secretaría de Planificación del Subsector Energía (SEPSE / MINAE),T1,I.1;I.2;I.3;I.4;I.5;II.1,6,2015;2016;2017;2018;2019;2020;2021;2022;2023;2024,10,
CRI,Costa Rica,mitigation,CRI-004,"ARESEP datos abiertos — electricidad (generación, demanda, tarifas, distribuidoras)",Autoridad Reguladora de los Servicios Públicos (ARESEP),T1,I.1;I.2;I.3;I.4,4,,0,
CRI,Costa Rica,mitigation,CRI-005,ARESEP / RECOPE — ventas de hidrocarburos,ARESEP / RECOPE,T1,I.1;I.2;I.3;I.5;II.1;II.4;II.5,7,2015;2016;2017;2018;2019;2020;2021;2022;2023;2024,10,
CRI,Costa Rica,mitigation,CRI-006,ICE — estadísticas del Sistema Eléctrico Nacional,Instituto Costarricense de Electricidad (ICE),T1,I.4,1,,0,
CRI,Costa Rica,mitigation,CRI-007,Programa País Carbono Neutralidad (PPCN) — categoría cantonal,MINAE / Dirección de Cambio Climático,T1,I.1;I.2;I.3;I.4;II.1;II.2;III.1;III.4;IV.1;IV.2;V.1;V.2,12,2016;2017;2018;2019;2020;2021;2022;2023;2024,9,
CRI,Costa Rica,mitigation,CRI-008,BCCR — Cuenta de Energía (flujos físicos),Banco Central de Costa Rica,T1,I.1;I.2;I.3;I.4;II.1;VI.1,6,,0,
CRI,Costa Rica,mitigation,CRI-009,INEC — Encuesta Nacional Agropecuaria (ENA) y estadísticas agropecuarias,Instituto Nacional de Estadística y Censos (INEC),T1,I.5;V.1;V.2;V.3,4,2017,1,
CRI,Costa Rica,mitigation,CRI-010,"FONAFIFO / SINAC — bosques, cobertura y PSA",FONAFIFO / SINAC (MINAE),T1,V.2,1,,0,
CRI,Costa Rica,mitigation,CRI-011,MOPT — Anuario de tránsito / conteos vehiculares y anuario sector transportes,Ministerio de Obras Públicas y Transportes (MOPT),T1,II.1;II.2;II.3;II.4,4,2023,1,
CRI,Costa Rica,mitigation,CRI-012,INEC / COSEVI — parque vehicular y estadísticas de vehículos,INEC / COSEVI / Registro de la Propiedad (según producto),T1,II.1,1,,0,
CRI,Costa Rica,mitigation,CRI-013,Ministerio de Salud / municipalidades — residuos sólidos (PNGIR / datos municipales),Ministerio de Salud / municipalidades,T1,III.1;III.2;III.3,3,2023;2024,2,
CRI,Costa Rica,mitigation,CRI-014,AyA / ASADAS — agua potable y saneamiento / aguas residuales,Instituto Costarricense de Acueductos y Alcantarillados (AyA) / ASADAS,T1,III.4,1,,0,
CRI,Costa Rica,mitigation,CRI-015,DGAC / INCOP — aviación civil y puertos,Dirección General de Aviación Civil / INCOP,T1,II.3;II.4,2,,0,
CRI,Costa Rica,mitigation,CRI-016,F-gases / uso de productos (INGEI IPPU),IMN / MINAE,T1,IV.2,1,,0,
CRI,Costa Rica,mitigation,CRI-017,"Distribuidoras eléctricas — consumos por cantón/tarifa (ICE, CNFL, ESPH, JASEC y cooperativas)",ICE / CNFL / ESPH / JASEC / cooperativas de electrificación,T1,I.1;I.2;I.3,3,,0,
CRI,Costa Rica,mitigation,CRI-018,EDGAR GHG gridded & cities emissions,European Commission JRC,T2,I.1;I.2;I.3;I.4;II.1;II.3;II.4;III.1;IV.1;V.1;V.2;V.3,12,2015;2016;2017;2018;2019;2020;2021;2022;2023;2024,10,
CRI,Costa Rica,mitigation,CRI-019,Climate TRACE inventory,Climate TRACE,T2,I.3;I.4;II.1;II.3;II.4;III.1;IV.1;V.2,8,,0,
CRI,Costa Rica,mitigation,CRI-020,Global Power Plant Database (Costa Rica),WRI / Global Energy Monitor ecosystem (GPPD),T2,I.4,1,,0,
CRI,Costa Rica,mitigation,CRI-021,FAOSTAT + Global Forest Watch / coberturas satelitales,FAO / WRI / Copernicus,T2,V.1;V.2;V.3,3,,0,
CRI,Costa Rica,mitigation,CRI-022,INCOFER / transporte ferroviario (actividad),INCOFER / MOPT,T1,II.2,1,,0,
CRI,Costa Rica,mitigation,CRI-023,PPCN organizacional / inventarios institucionales verificados,MINAE / organizaciones participantes,T1,I.2;I.3;IV.1,3,2015;2016;2017;2018;2019;2020;2021;2022;2023;2024,10,
CRI,Costa Rica,mitigation,CRI-024,Datos abiertos nacionales / municipalidades (datosabiertos.go.cr y portales cantonales),Gobierno de Costa Rica / municipalidades,T2,I.1;II.1;III.1;III.4,4,,0,
CRI,Costa Rica,mitigation,CRI-025,Fugitivas de distribución de combustibles/GLP (INGEI + ARESEP gas),IMN / ARESEP,T1,I.8,1,,0,
CRI,Costa Rica,adaptation,CRI-A001,INEC Censo 2011 + Estimaciones de población y vivienda 2022 (distrito) / proyecciones 2000–2050,Instituto Nacional de Estadística y Censos (INEC),T1,CCRA-001;CCRA-010;CCRA-015;CCRA-018;CCRA-019;CCRA-020;CCRA-028;CCRA-038,8,2022;2023;2024,3,
CRI,Costa Rica,adaptation,CRI-A002,PNUD–UCR–SINIRUBE Atlas de Desarrollo Humano Cantonal (IDH / IPM cantonal),PNUD / UCR / SINIRUBE,T3,CCRA-010;CCRA-015;CCRA-020;CCRA-038,4,2015;2016;2017;2018;2019;2020;2021;2022;2023;2024,10,
CRI,Costa Rica,adaptation,CRI-A003,IGN / SNIT límites distritales y cantonales + cartografía oficial,Instituto Geográfico Nacional / SNIT,T1,CCRA-017,1,2024,1,
CRI,Costa Rica,adaptation,CRI-A004,WorldPop / GHSL population grids (Costa Rica),WorldPop / JRC,T2,CCRA-017;CCRA-028,2,2024,1,
CRI,Costa Rica,adaptation,CRI-A005,Ministerio de Salud / CCSS establecimientos + OSM healthcare POIs,Ministerio de Salud / CCSS / OSM,T1,CCRA-007;CCRA-015;CCRA-016,3,2024,1,
CRI,Costa Rica,adaptation,CRI-A006,CNE threat layers via SNIT — áreas con potencial a inundación + deslizamientos / mapas de amenaza,Comisión Nacional de Emergencias (CNE),T1,CCRA-011;CCRA-017;CCRA-022;CCRA-023,4,2024,1,
CRI,Costa Rica,adaptation,CRI-A007,Municipal / cantonal risk atlases & CNE DesInventar / MIDEPLAN disaster loss records,Municipalidades / CNE / MIDEPLAN,T1,CCRA-011;CCRA-017,2,2024,1,
CRI,Costa Rica,adaptation,CRI-A008,JRC Global River Flood Hazard + WRI Aqueduct Flood,JRC / WRI,T2,CCRA-011,1,2024,1,
CRI,Costa Rica,adaptation,CRI-A009,NASA LHASA + Copernicus DEM (landslide drivers; complement to CNE),NASA / ESA,T2,CCRA-022;CCRA-023,2,2024,1,
CRI,Costa Rica,adaptation,CRI-A010,IMN climate observations + proyecciones regionalizadas (RCP/SSP) / análisis de riesgo hidrometeorológico,Instituto Meteorológico Nacional (IMN) / DCC-MINAE,T1,CCRA-024;CCRA-025;CCRA-026;CCRA-033;CCRA-035;CCRA-036;CCRA-037;CCRA-041,8,2024,1,
CRI,Costa Rica,adaptation,CRI-A011,CHIRPS + ERA5-Land extremes / OEF HWM & FRI inputs,UCSB CHIRPS / ECMWF / OEF,T2,CCRA-011;CCRA-024;CCRA-025;CCRA-026;CCRA-033;CCRA-036;CCRA-037,7,2024,1,
CRI,Costa Rica,adaptation,CRI-A012,IMN / MINAE / coastal studies + IPCC AR6 regional SLR (Pacífico & Caribe),IMN / MINAE / research institutes / IPCC,T1,CCRA-029;CCRA-035,2,2024,1,
CRI,Costa Rica,adaptation,CRI-A013,INEC Encuesta Nacional Agropecuaria (ENA) + MAG land use / SENARA irrigation districts,INEC / MAG / SENARA,T1,CCRA-002;CCRA-003;CCRA-004;CCRA-008;CCRA-012,5,2024,1,
CRI,Costa Rica,adaptation,CRI-A014,SINAC / FONAFIFO forest & land-cover products + Hansen GFC,SINAC / FONAFIFO / UMD,T1,CCRA-013;CCRA-014;CCRA-027,3,2024,1,
CRI,Costa Rica,adaptation,CRI-A015,SINAC Áreas Silvestres Protegidas (ASP) + WDPA Costa Rica,SINAC / UNEP-WCMC,T1,CCRA-005;CCRA-031,2,2024,1,
CRI,Costa Rica,adaptation,CRI-A016,Biodiversity Intactness Index + KBAs (Costa Rica),NHM / BirdLife,T3,CCRA-005;CCRA-006,2,2024,1,
CRI,Costa Rica,adaptation,CRI-A017,BCCR / INEC national accounts — agriculture & industry GDP shares,BCCR / INEC,T1,CCRA-002;CCRA-021,2,2024,1,
CRI,Costa Rica,adaptation,CRI-A018,"IGN / MOPT / OSM — roads, rail, ports, buildings; Microsoft footprints",IGN / MOPT / OSM / Microsoft,T1,CCRA-017;CCRA-032;CCRA-034;CCRA-038,4,2024,1,
CRI,Costa Rica,adaptation,CRI-A019,ICE / ARESEP generation & plant registers; WRI Global Power Plant Database,ICE / ARESEP / WRI,T1,CCRA-009;CCRA-030,2,2024,1,
CRI,Costa Rica,adaptation,CRI-A020,SEPSE BNE / ARESEP electricity; Census/EHPM energy access proxies,SEPSE / ARESEP / INEC,T1,CCRA-009;CCRA-010,2,2024,1,
CRI,Costa Rica,adaptation,CRI-A021,AyA / ASADAS / SENARA–SINIGIRH water security & aquifer vulnerability,AyA / ASADAS / SENARA / DA,T1,CCRA-019;CCRA-036;CCRA-041,3,2024,1,
CRI,Costa Rica,adaptation,CRI-A022,Ministerio de Salud / municipal solid-waste service statistics,Ministerio de Salud / municipalidades,T1,CCRA-040,1,2024,1,
CRI,Costa Rica,adaptation,CRI-A023,INCOP / JAPDEVA ports + OSM harbour features,INCOP / JAPDEVA / OSM,T1,CCRA-029,1,2024,1,
CRI,Costa Rica,adaptation,CRI-A028,OEF CHIRPS–COPDEM Flood Risk Index (FRI) — present+SSP,Open Earth Foundation,T2,CCRA-011,1,2024,1,
CRI,Costa Rica,adaptation,CRI-A029,OEF Flood Hazard Score (city screening ensemble),Open Earth Foundation (models/flood_hazard),T2,CCRA-011;CCRA-017,2,2024,1,
CRI,Costa Rica,adaptation,CRI-A030,OEF Heat Hazard Score (city screening ensemble),Open Earth Foundation (models/heat_hazard),T2,CCRA-026,1,2024,1,
CRI,Costa Rica,adaptation,CRI-A031,OEF Landslide Hazard Score (city screening ensemble),Open Earth Foundation (models/landslide_hazard),T2,CCRA-022;CCRA-023,2,2024,1,
CRI,Costa Rica,adaptation,CRI-A032,OEF Flood Risk Score H×E×V (city screening),Open Earth Foundation (flood_risk),T2,CCRA-011;CCRA-017;CCRA-028,3,2024,1,
CRI,Costa Rica,adaptation,CRI-A033,OEF Heat Risk Score H×E×V (city screening),Open Earth Foundation (heat_risk),T2,CCRA-001;CCRA-026;CCRA-028,3,2024,1,
CRI,Costa Rica,adaptation,CRI-A034,OEF Landslide Risk Score H×E×V (city screening),Open Earth Foundation (landslide_risk),T2,CCRA-017;CCRA-022;CCRA-023;CCRA-028,4,2024,1,
CRI,Costa Rica,adaptation,CRI-A035,OEF shared city Exposure score (population density screening),Open Earth Foundation,T2,CCRA-017;CCRA-028,2,2024,1,
CRI,Costa Rica,adaptation,CRI-A036,OEF shared city Vulnerability score (age/social screening),Open Earth Foundation,T2,CCRA-001;CCRA-020;CCRA-038,3,2024,1,
CRI,Costa Rica,adaptation,CRI-A037,OEF Flood / Heat / Landslide mechanism-type layers (NbS screening),Open Earth Foundation (nbs_*_mechanism_type),T2,CCRA-011;CCRA-023;CCRA-026,3,2024,1,
ETH,Ethiopia,mitigation,ETH-001,First Biennial Update Report (BUR1) — National GHG Inventory 2018 & 2020,Federal Democratic Republic of Ethiopia / UNFCCC,T1,I.1;I.2;I.3;I.4;I.5;I.8;II.1;II.2;II.4;II.5;III.1;III.2;III.3;III.4;IV.1;IV.2;V.1;V.2;V.3,19,2018;2020;2024,3,
ETH,Ethiopia,mitigation,ETH-002,Third National Communication (NC3),Ethiopia / UNFCCC,T1,I.1;I.4;II.1;III.1;V.1;V.2;V.3,7,2024,1,
ETH,Ethiopia,mitigation,ETH-003,Ethiopian Energy Sector Brief 2025 (energy balance & electricity statistics),Ministry of Water and Energy (MoWE),T1,I.1;I.2;I.3;I.4;I.5;II.1,6,2018;2019;2020;2021;2022;2023,6,
ETH,Ethiopia,mitigation,ETH-004,EEP Facts in Brief 2024/25,Ethiopian Electric Power (EEP),T1,I.1;I.2;I.3;I.4;II.2,5,2024,1,
ETH,Ethiopia,mitigation,ETH-005,Large and Medium Scale Manufacturing and Electricity Industries Survey reports,Ethiopian Statistical Service (ESS),T1,I.3;I.4;IV.1,3,2015;2016;2017,3,
ETH,Ethiopia,mitigation,ETH-006,Agricultural Sample Survey — Livestock and Livestock Characteristics,ESS,T1,I.5;V.1;V.3,3,2021,1,
ETH,Ethiopia,mitigation,ETH-007,Agricultural Sample Survey — Area and Production of Major Crops / Land Utilization / Farm Management,ESS,T1,I.5;V.2;V.3,3,,0,
ETH,Ethiopia,mitigation,ETH-008,IMIS Ethiopia / ESS StatBank,ESS (+ Redatam/UNFPA partners for IMIS),T1,I.1;I.4;II.1;V.1;V.3;VI.1,6,,0,
ETH,Ethiopia,mitigation,ETH-009,Ethiopia Multi-Tier Framework (MTF) Energy Access Survey,World Bank / ESMAP (energydata.info),T2,I.1;I.5,2,2024,1,
ETH,Ethiopia,mitigation,ETH-010,Ethiopia Socioeconomic Survey / LSMS-ISA (incl. energy & agriculture modules),ESS / World Bank LSMS,T1,I.1;V.1;V.3;VI.1,4,2018,1,
ETH,Ethiopia,mitigation,ETH-011,Addis Ababa GHG Emissions Inventory 2016 (GPC / C40 CIRIS),Addis Ababa / Ethiopia EPA (C40 CAP programme),T1,I.1;I.2;I.3;I.4;II.1;II.2;II.4;III.1;III.4;IV.1;V.1;V.2,12,2016,1,
ETH,Ethiopia,mitigation,ETH-012,National Forest Inventory / Forest Reference Level (FREL/FRL) submissions,Ethiopian Forestry Development (EFD) / formerly MEFCC,T1,V.2,1,2015;2016;2017;2018;2019;2020;2021;2022;2023;2024,10,
ETH,Ethiopia,mitigation,ETH-013,Ethiopian Airlines Group traffic & fleet factsheets / annual reports,Ethiopian Airlines Group,T1,II.4,1,2023;2024,2,
ETH,Ethiopia,mitigation,ETH-014,Ethio-Djibouti Railway (EDR) passenger & freight activity disclosures,Ethio-Djibouti Railway Share Company / press releases,T1,II.2,1,2018,1,
ETH,Ethiopia,mitigation,ETH-015,National vehicle fleet / registration studies (FTA-based compilations),Federal Transport Authority (underlying) / World Bank and sector studies citing FTA,T1,II.1,1,2015,1,
ETH,Ethiopia,mitigation,ETH-016,"Addis Ababa / national MSW management project reports (JICA, GIZ sector briefs)",AACMA / city agencies via JICA & GIZ publications,T3,III.1;III.2;III.3,3,2019;2020;2021;2022;2023,5,
ETH,Ethiopia,mitigation,ETH-017,AAWSA wastewater / sanitation project ESIAs and service descriptions,Addis Ababa Water and Sewerage Authority (AAWSA),T1,III.4,1,2022,1,
ETH,Ethiopia,mitigation,ETH-018,Cement sector production / capacity disclosures (industry + inventory literature),Cement producers (e.g. Dangote Mugher) / academic IPPU studies citing plants,T3,I.3;IV.1,2,2015;2016;2017;2018;2019;2020;2021;2022,8,
ETH,Ethiopia,mitigation,ETH-019,EDGAR GHG gridded & cities emissions,European Commission JRC,T2,I.1;I.2;I.3;I.4;II.1;II.4;III.1;III.4;IV.1;V.1;V.2;V.3,12,2015;2016;2017;2018;2019;2020;2021;2022;2023;2024,10,
ETH,Ethiopia,mitigation,ETH-020,Climate TRACE inventory,Climate TRACE,T2,I.3;I.4;II.1;II.4;III.1;IV.1;V.2,7,,0,
ETH,Ethiopia,mitigation,ETH-021,"FAOSTAT (crops, livestock, fertilizers, land)",FAO,T1,I.5;V.1;V.2;V.3,4,,0,
ETH,Ethiopia,mitigation,ETH-022,Global Forest Watch / ESA WorldCover land products,WRI / ESA Copernicus,T2,V.2;V.3,2,2015;2016;2017;2018;2019;2020;2021;2022;2023;2024,10,
ETH,Ethiopia,mitigation,ETH-023,Global Power Plant Database (Ethiopia plants),WRI,T2,I.4,1,,0,
ETH,Ethiopia,mitigation,ETH-024,NDC 3.0 (2025) — emissions pathways & MRV context,Ethiopia / UNFCCC,T1,I.4;V.2;VI.1,3,,0,
ETH,Ethiopia,mitigation,ETH-025,Household Consumption Expenditure Survey (HCES/HICE) series,ESS,T1,I.1;VI.1,2,2015,1,
ETH,Ethiopia,adaptation,ETH-A001,ESS / CSA population & housing census + projections (via IMIS / StatBank / HDX COD-PS),Ethiopian Statistical Service (ESS; formerly CSA),T1,CCRA-001;CCRA-015;CCRA-018;CCRA-019;CCRA-028;CCRA-038;CCRA-040,7,2021;2022;2023;2024,4,
ETH,Ethiopia,adaptation,ETH-A002,Ethiopia COD-AB — subnational administrative boundaries (ADM0–3),OCHA / HDX (source: Ethiopian authorities / CSA lineage),T1,CCRA-017;CCRA-028,2,,0,
ETH,Ethiopia,adaptation,ETH-A003,"DHS Ethiopia — water, sanitation, health & nutrition indicators",The DHS Program / ESS,T1,CCRA-007;CCRA-015;CCRA-018;CCRA-019,4,2015;2016;2017;2018;2019;2020;2021;2022;2023;2024,10,
ETH,Ethiopia,adaptation,ETH-A004,"HCES / LSMS-ISA Ethiopia — poverty, consumption, energy access",ESS / World Bank LSMS,T1,CCRA-010;CCRA-015;CCRA-020;CCRA-038,4,2024,1,
ETH,Ethiopia,adaptation,ETH-A005,"WorldPop constrained population & age-sex (ETH, ~100 m)",WorldPop / University of Southampton (via HDX),T2,CCRA-001;CCRA-017;CCRA-028,3,2015;2016;2017;2018;2019;2020;2021;2022;2023;2024,10,
ETH,Ethiopia,adaptation,ETH-A006,GHSL Population Grid (GHS-POP),European Commission JRC,T2,CCRA-028,1,2024,1,
ETH,Ethiopia,adaptation,ETH-A007,"Ethiopia — Risk Assessment Indicators (HeiGIT GAIA / HDX, ADM2)",HeiGIT (via HDX),T3,CCRA-001;CCRA-011;CCRA-015;CCRA-016;CCRA-017;CCRA-028,6,2024,1,
ETH,Ethiopia,adaptation,ETH-A008,CLIMADA / Floodbase historical flood footprint grids (Ethiopia),ETH Zurich Climada / Floodbase (via HDX),T3,CCRA-011;CCRA-017,2,2015;2016;2017;2018;2019;2020;2021;2022;2023;2024,10,
ETH,Ethiopia,adaptation,ETH-A009,JRC Global River Flood Hazard Maps v2.1,European Commission JRC,T2,CCRA-011;CCRA-017,2,2024,1,
ETH,Ethiopia,adaptation,ETH-A010,WRI Aqueduct Flood Hazard Maps,World Resources Institute,T2,CCRA-011,1,2024,1,
ETH,Ethiopia,adaptation,ETH-A011,"CHIRPS extreme precipitation (Rx5day, R90p…) + drought monitoring",UCSB Climate Hazards Center / CHIRPS,T2,CCRA-011;CCRA-023;CCRA-024;CCRA-025;CCRA-037,5,2015;2016;2017;2018;2019;2020;2021;2022;2023;2024,10,
ETH,Ethiopia,adaptation,ETH-A012,SPEIbase / Global Drought Hazard (SPEI-6 extremes),CSIC SPEI / HDX Global Drought Hazard,T2,CCRA-024;CCRA-036,2,2015;2016;2017;2018;2019;2020;2021;2022;2023;2024,10,
ETH,Ethiopia,adaptation,ETH-A013,NMA Ethiopia — meteorological station & climate bulletins,National Meteorology Agency (Ethiopia),T1,CCRA-024;CCRA-026;CCRA-033;CCRA-036;CCRA-037,5,2024,1,
ETH,Ethiopia,adaptation,ETH-A014,"ERA5-Land extreme temperature / heatwave indices (TXx, HWM, …)",ECMWF / Copernicus (OEF transformations available),T2,CCRA-026;CCRA-033,2,2015;2016;2017;2018;2019;2020;2021;2022;2023;2024,10,
ETH,Ethiopia,adaptation,ETH-A015,NASA LHASA / global rainfall-triggered landslide hazard,NASA GSFC,T2,CCRA-022;CCRA-023,2,2024,1,
ETH,Ethiopia,adaptation,ETH-A016,National / regional landslide susceptibility studies (Ethiopia),Geological Survey of Ethiopia / academic consortia,T3,CCRA-022;CCRA-023,2,2021;2022;2023;2024,4,
ETH,Ethiopia,adaptation,ETH-A017,Copernicus DEM GLO-30 (+ slope/HAND derivatives),ESA / Copernicus,T2,CCRA-011;CCRA-022;CCRA-023,3,,0,
ETH,Ethiopia,adaptation,ETH-A018,Hansen Global Forest Change (treecover / loss),UMD / GLAD,T2,CCRA-013;CCRA-014;CCRA-027,3,2015;2016;2017;2018;2019;2020;2021;2022;2023;2024,10,
ETH,Ethiopia,adaptation,ETH-A019,ESA WorldCover / Dynamic World land cover,ESA / Google+WRI,T2,CCRA-004;CCRA-013;CCRA-027,3,2024,1,
ETH,Ethiopia,adaptation,ETH-A020,World Database on Protected Areas (WDPA),UNEP-WCMC / IUCN,T2,CCRA-005;CCRA-031,2,2024,1,
ETH,Ethiopia,adaptation,ETH-A021,Biodiversity Intactness Index (BII),Natural History Museum / GEO BON community,T2,CCRA-006,1,2024,1,
ETH,Ethiopia,adaptation,ETH-A022,Key Biodiversity Areas / conservation-value sites,BirdLife / KBA Partnership,T3,CCRA-005,1,2024,1,
ETH,Ethiopia,adaptation,ETH-A023,"ESS Agricultural Sample Survey (AgSS) — crops, livestock, land use",Ethiopian Statistical Service (ESS),T1,CCRA-002;CCRA-003;CCRA-004;CCRA-008;CCRA-012,5,2024,1,
ETH,Ethiopia,adaptation,ETH-A024,FAO / WaPOR / AQUASTAT — irrigated area & agricultural water,FAO,T2,CCRA-004;CCRA-008;CCRA-041,3,2024,1,
ETH,Ethiopia,adaptation,ETH-A025,"National Accounts / MoF — sectoral GDP (agriculture, industry)",Ministry of Finance / ESS National Accounts,T1,CCRA-002;CCRA-021,2,2024,1,
ETH,Ethiopia,adaptation,ETH-A026,"OpenStreetMap — roads, rail, health facilities, buildings",OpenStreetMap contributors,T3,CCRA-016;CCRA-017;CCRA-029;CCRA-032;CCRA-034;CCRA-038,6,2024,1,
ETH,Ethiopia,adaptation,ETH-A027,healthsites.io / HDX health facilities (Ethiopia),healthsites.io / humanitarian partners (via HDX),T3,CCRA-015;CCRA-016,2,2024,1,
ETH,Ethiopia,adaptation,ETH-A028,Global Power Plant Database / WRI (+ EEP plant lists),WRI / EEP public materials,T2,CCRA-030,1,2024,1,
ETH,Ethiopia,adaptation,ETH-A029,EEU / MoWE electricity access & consumption statistics; Multi-Tier Framework (MTF),EEU / MoWE / energydata.info,T1,CCRA-009;CCRA-010,2,2024,1,
ETH,Ethiopia,adaptation,ETH-A030,Microsoft Building Footprints / Google Open Buildings (ETH),Microsoft / Google,T2,CCRA-017;CCRA-038,2,2024,1,
ETH,Ethiopia,adaptation,ETH-A031,WRI Aqueduct Water Risk / water security composites,World Resources Institute,T2,CCRA-019;CCRA-041,2,2024,1,
ETH,Ethiopia,adaptation,ETH-A032,OEF CHIRPS–COPDEM Flood Risk Index (FRI) — global/present+SSP inputs,Open Earth Foundation (geospatial-data),T2,CCRA-011,1,2024,1,
ETH,Ethiopia,adaptation,ETH-A033,OEF Flood Hazard Score (city screening ensemble),Open Earth Foundation (models/flood_hazard),T2,CCRA-011;CCRA-017,2,2024,1,
ETH,Ethiopia,adaptation,ETH-A034,OEF Heat Hazard Score (city screening ensemble),Open Earth Foundation (models/heat_hazard),T2,CCRA-026,1,2024,1,
ETH,Ethiopia,adaptation,ETH-A035,OEF Landslide Hazard Score (city screening ensemble),Open Earth Foundation (models/landslide_hazard),T2,CCRA-022;CCRA-023,2,2024,1,
ETH,Ethiopia,adaptation,ETH-A036,OEF Flood Risk Score H×E×V (city screening),Open Earth Foundation (flood_risk),T2,CCRA-011;CCRA-017;CCRA-028,3,2024,1,
ETH,Ethiopia,adaptation,ETH-A037,OEF Heat Risk Score H×E×V (city screening),Open Earth Foundation (heat_risk),T2,CCRA-001;CCRA-026;CCRA-028,3,2024,1,
ETH,Ethiopia,adaptation,ETH-A038,OEF Landslide Risk Score H×E×V (city screening),Open Earth Foundation (landslide_risk),T2,CCRA-017;CCRA-022;CCRA-023;CCRA-028,4,2024,1,
ETH,Ethiopia,adaptation,ETH-A039,OEF shared city Exposure score (population density screening),Open Earth Foundation (CCRA E layer),T2,CCRA-017;CCRA-028,2,2024,1,
ETH,Ethiopia,adaptation,ETH-A040,OEF shared city Vulnerability score (age/social screening),Open Earth Foundation (CCRA V layer),T2,CCRA-001;CCRA-020;CCRA-038,3,2024,1,
ETH,Ethiopia,adaptation,ETH-A041,OEF Flood / Heat / Landslide mechanism-type layers (NbS screening),Open Earth Foundation (models/nbs_*_mechanism_type),T2,CCRA-011;CCRA-023;CCRA-026,3,2024,1,
GBR,United Kingdom,mitigation,GBR-001,UK Greenhouse Gas Inventory / National Inventory Document (NID),Department for Energy Security and Net Zero (DESNZ) / Ricardo (NAEI),T1,I.1;I.2;I.3;I.4;I.5;I.7;I.8;II.1;II.2;II.3;II.4;II.5;III.1;III.2;III.3;III.4;IV.1;IV.2;V.1;V.2;V.3,21,2015;2016;2017;2018;2019;2020;2021;2022;2023;2024,10,
GBR,United Kingdom,mitigation,GBR-002,UK local authority and regional greenhouse gas emissions statistics,DESNZ / NAEI (Ricardo),T1,I.1;I.2;I.3;I.4;I.5;I.8;II.1;II.2;III.1;III.2;III.3;III.4;IV.1;V.1;V.2;V.3,16,2015;2016;2017;2018;2019;2020;2021;2022;2023;2024,10,
GBR,United Kingdom,mitigation,GBR-003,Subnational electricity and gas consumption statistics (LA / MSOA / LSOA),DESNZ,T1,I.1;I.2;I.3;I.4,4,2015;2016;2017;2018;2019;2020;2021;2022;2023;2024,10,
GBR,United Kingdom,mitigation,GBR-004,Digest of UK Energy Statistics (DUKES) / Energy Trends,DESNZ,T1,I.1;I.2;I.3;I.4;I.5;II.1,6,,0,
GBR,United Kingdom,mitigation,GBR-005,Greenhouse gas reporting conversion factors (company reporting),DESNZ,T1,I.1;I.2;I.3;I.4;II.1;II.2;II.3;II.4;II.5;III.1;III.4;IV.2;VI.1,13,2024,1,
GBR,United Kingdom,mitigation,GBR-006,Environment Agency Pollution Inventory / UK PRTR facility emissions,Environment Agency / Defra (UK PRTR),T1,I.3;I.4;I.8;II.5;III.1;III.3;III.4;IV.1,8,2024,1,
GBR,United Kingdom,mitigation,GBR-007,NAEI point sources and gridded emissions,DESNZ / NAEI (Ricardo),T1,I.3;I.4;I.8;II.1;III.1;IV.1;V.1;V.2,8,2015;2016;2017;2018;2019;2020;2021;2022;2023,9,
GBR,United Kingdom,mitigation,GBR-008,Road traffic estimates by local authority (TRA89) + vehicle licensing statistics,Department for Transport (DfT) / DVLA,T1,II.1,1,,0,
GBR,United Kingdom,mitigation,GBR-009,UK road transport fuel consumption at regional and local authority level,DESNZ / NAEI,T1,II.1,1,2015;2016;2017;2018;2019;2020;2021;2022;2023;2024,10,
GBR,United Kingdom,mitigation,GBR-010,ORR rail statistics (passenger/freight activity),Office of Rail and Road (ORR),T1,II.2,1,,0,
GBR,United Kingdom,mitigation,GBR-011,DfT maritime / port freight statistics + shipping activity,Department for Transport,T1,II.3,1,,0,
GBR,United Kingdom,mitigation,GBR-012,CAA airport / UK aviation statistics,Civil Aviation Authority (CAA),T1,II.4,1,,0,
GBR,United Kingdom,mitigation,GBR-013,WasteDataFlow / local authority collected waste management statistics,Defra (England) + Devolved Administrations,T1,III.1;III.2;III.3,3,2024,1,
GBR,United Kingdom,mitigation,GBR-014,June Survey of Agriculture / Defra agricultural statistics,Defra / Devolved Administrations,T1,I.5;V.1;V.2;V.3,4,,0,
GBR,United Kingdom,mitigation,GBR-015,National Forest Inventory / Forestry Statistics (Forest Research),Forest Research / Forestry Commission,T1,V.2,1,,0,
GBR,United Kingdom,mitigation,GBR-016,LULUCF emissions and removals at local authority level (UKCEH / DESNZ),UK Centre for Ecology & Hydrology / DESNZ,T1,V.2;V.3,2,2024,1,
GBR,United Kingdom,mitigation,GBR-017,London Energy and Greenhouse Gas Inventory (LEGGI),Greater London Authority (GLA),T1,I.1;I.2;I.3;I.4;II.1;II.2;III.1;III.4;IV.1;IV.2;V.1;V.2;VI.1,13,2023,1,
GBR,United Kingdom,mitigation,GBR-018,NESO / electricity generation & carbon intensity data,National Energy System Operator (NESO),T1,I.4,1,,0,
GBR,United Kingdom,mitigation,GBR-019,NSTA oil and gas production / emissions-related petroleum data,North Sea Transition Authority (NSTA),T1,I.4;I.8,2,,0,
GBR,United Kingdom,mitigation,GBR-020,ONS UK Environmental Accounts (energy & GHG),Office for National Statistics (ONS),T1,I.1;I.2;I.3;I.4;II.1;VI.1,6,,0,
GBR,United Kingdom,mitigation,GBR-021,Subnational total final energy / residual fuels consumption (non-gas non-electricity),DESNZ / NAEI,T1,I.1;I.2;I.3;I.5,4,2024,1,
GBR,United Kingdom,mitigation,GBR-022,Water company / EA wastewater & sewage treatment reporting,Environment Agency / water companies / Ofwat (supporting),T1,III.4,1,,0,
GBR,United Kingdom,mitigation,GBR-023,F-gas / product-use statistics (GHGI IPPU + Defra F-gas reporting context),DESNZ (GHGI) / Defra,T1,IV.2,1,2015;2016;2017;2018;2019;2020;2021;2022;2023;2024,10,
GBR,United Kingdom,mitigation,GBR-024,EDGAR GHG gridded & cities emissions,European Commission JRC,T2,I.1;I.2;I.3;I.4;II.1;II.3;II.4;III.1;IV.1;V.1;V.2;V.3,12,2015;2016;2017;2018;2019;2020;2021;2022;2023;2024,10,
GBR,United Kingdom,mitigation,GBR-025,Climate TRACE inventory,Climate TRACE,T2,I.3;I.4;I.8;II.1;II.3;II.4;III.1;IV.1;V.2,9,,0,
GBR,United Kingdom,adaptation,GBR-A001,"ONS Census 2021 — population, age/sex, housing & deprivation dimensions (LSOA/MSOA)",Office for National Statistics (ONS),T1,CCRA-001;CCRA-010;CCRA-015;CCRA-018;CCRA-019;CCRA-020;CCRA-028;CCRA-038;CCRA-040,9,2021;2022;2023;2024,4,
GBR,United Kingdom,adaptation,GBR-A002,English Indices of Deprivation (IoD/IMD) + Welsh/Scottish/NI IMD,MHCLG / Welsh Government / Scottish Government / NISRA,T1,CCRA-010;CCRA-015;CCRA-020;CCRA-038,4,2024,1,
GBR,United Kingdom,adaptation,GBR-A003,ONS / OS Boundary-Line & Census geographies (OA/LSOA/MSOA/LAD),ONS / Ordnance Survey,T1,CCRA-017;CCRA-028,2,2021;2022;2023;2024,4,
GBR,United Kingdom,adaptation,GBR-A004,WorldPop / GHSL population grids (UK),WorldPop / JRC,T2,CCRA-017;CCRA-028,2,2024,1,
GBR,United Kingdom,adaptation,GBR-A005,NHS Digital / ODS health sites + OSM healthcare POIs,NHS England / OSM,T1,CCRA-007;CCRA-015;CCRA-016,3,2024,1,
GBR,United Kingdom,adaptation,GBR-A006,Environment Agency — Risk of Flooding from Rivers and Sea (RoFRS) + climate-change scenarios,Environment Agency (Defra DSP),T1,CCRA-011;CCRA-017;CCRA-035,3,2024,1,
GBR,United Kingdom,adaptation,GBR-A007,Environment Agency — Risk of Flooding from Surface Water (RoFSW) + climate change,Environment Agency,T1,CCRA-011;CCRA-017;CCRA-039,3,2024,1,
GBR,United Kingdom,adaptation,GBR-A008,Flood Map for Planning — Flood Zones (+ climate change),Environment Agency,T1,CCRA-011;CCRA-017,2,2024,1,
GBR,United Kingdom,adaptation,GBR-A009,National Coastal Erosion Risk Mapping (NCERM) 2024,Environment Agency,T1,CCRA-017;CCRA-029;CCRA-035,3,2020;2021;2022;2023;2024,5,
GBR,United Kingdom,adaptation,GBR-A010,UKCP18 / Met Office climate projections + UK Climate Projections user tools,Met Office / Defra,T1,CCRA-024;CCRA-025;CCRA-026;CCRA-033;CCRA-036;CCRA-037,6,2024,1,
GBR,United Kingdom,adaptation,GBR-A011,HadUK-Grid / Met Office drought & extreme rainfall indices,Met Office,T1,CCRA-024;CCRA-025;CCRA-026;CCRA-036;CCRA-037,5,2024,1,
GBR,United Kingdom,adaptation,GBR-A012,BGS GeoSure / landslide susceptibility & mass-movement datasets,British Geological Survey,T1,CCRA-017;CCRA-022;CCRA-023,3,2024,1,
GBR,United Kingdom,adaptation,GBR-A013,NASA LHASA + Copernicus DEM (landslide drivers / global hazard),NASA / ESA,T2,CCRA-011;CCRA-022;CCRA-023,3,2024,1,
GBR,United Kingdom,adaptation,GBR-A014,CHIRPS / ERA5-Land / OEF HWM & FRI inputs,UCSB / ECMWF / OEF,T2,CCRA-011;CCRA-024;CCRA-025;CCRA-026;CCRA-033;CCRA-036,6,2024,1,
GBR,United Kingdom,adaptation,GBR-A015,UK sea-level projections (UKCP18 marine / MCCIP) + EA coastal flood products,Met Office / MCCIP / Environment Agency,T1,CCRA-029;CCRA-035,2,2024,1,
GBR,United Kingdom,adaptation,GBR-A016,"Defra / RPA agricultural land classification, June Survey, Crop Map of England",Defra / RPA / devolved administrations,T1,CCRA-002;CCRA-003;CCRA-004;CCRA-008;CCRA-012,5,2024,1,
GBR,United Kingdom,adaptation,GBR-A017,National Forest Inventory / Forest Research + Hansen GFC + Living England/Wales land cover,Forest Research / JNCC / UMD / EA,T1,CCRA-013;CCRA-014;CCRA-027,3,2024,1,
GBR,United Kingdom,adaptation,GBR-A018,Natural England / NRW / NatureScot protected sites + WDPA,Natural England / NRW / NatureScot / JNCC,T1,CCRA-005;CCRA-031,2,2024,1,
GBR,United Kingdom,adaptation,GBR-A019,Biodiversity Intactness Index + KBAs (UK),NHM / BirdLife,T3,CCRA-005;CCRA-006,2,2024,1,
GBR,United Kingdom,adaptation,GBR-A020,ONS / OBR National Accounts — agriculture & industry GVA shares,Office for National Statistics,T1,CCRA-002;CCRA-021,2,2024,1,
GBR,United Kingdom,adaptation,GBR-A021,"OS Open Roads / OpenMap / OSM — roads, rail, ports, buildings",Ordnance Survey / OSM,T1,CCRA-017;CCRA-029;CCRA-032;CCRA-034;CCRA-038,5,2024,1,
GBR,United Kingdom,adaptation,GBR-A022,DfT / port authorities — UK port infrastructure & maritime statistics,Department for Transport / port authorities,T1,CCRA-029,1,2024,1,
GBR,United Kingdom,adaptation,GBR-A023,DESNZ DUKES / Digest of UK Energy Statistics; subnational electricity & gas; WRI power plants,DESNZ / WRI,T1,CCRA-009;CCRA-010;CCRA-030,3,2024,1,
GBR,United Kingdom,adaptation,GBR-A024,DESNZ Fuel Poverty statistics (England) + devolved fuel poverty measures,DESNZ / devolved governments,T1,CCRA-010,1,2024,1,
GBR,United Kingdom,adaptation,GBR-A025,Microsoft / OS Open Buildings footprints,Microsoft / Ordnance Survey,T2,CCRA-017;CCRA-038,2,2024,1,
GBR,United Kingdom,adaptation,GBR-A026,WRI Aqueduct + water company / EA water resources plans,WRI / water companies / EA,T1,CCRA-019;CCRA-041,2,2024,1,
GBR,United Kingdom,adaptation,GBR-A027,JRC / WRI global flood rasters (OEF flood_hazard inputs),JRC / WRI,T2,CCRA-011,1,2024,1,
GBR,United Kingdom,adaptation,GBR-A028,OEF CHIRPS–COPDEM Flood Risk Index (FRI) — present+SSP,Open Earth Foundation,T2,CCRA-011,1,2024,1,
GBR,United Kingdom,adaptation,GBR-A029,OEF Flood Hazard Score (city screening ensemble),Open Earth Foundation (models/flood_hazard),T2,CCRA-011;CCRA-017,2,2024,1,
GBR,United Kingdom,adaptation,GBR-A030,OEF Heat Hazard Score (city screening ensemble),Open Earth Foundation (models/heat_hazard),T2,CCRA-026,1,2024,1,
GBR,United Kingdom,adaptation,GBR-A031,OEF Landslide Hazard Score (city screening ensemble),Open Earth Foundation (models/landslide_hazard),T2,CCRA-022;CCRA-023,2,2024,1,
GBR,United Kingdom,adaptation,GBR-A032,OEF Flood Risk Score H×E×V (city screening),Open Earth Foundation (flood_risk),T2,CCRA-011;CCRA-017;CCRA-028,3,2024,1,
GBR,United Kingdom,adaptation,GBR-A033,OEF Heat Risk Score H×E×V (city screening),Open Earth Foundation (heat_risk),T2,CCRA-001;CCRA-026;CCRA-028,3,2024,1,
GBR,United Kingdom,adaptation,GBR-A034,OEF Landslide Risk Score H×E×V (city screening),Open Earth Foundation (landslide_risk),T2,CCRA-017;CCRA-022;CCRA-023;CCRA-028,4,2024,1,
GBR,United Kingdom,adaptation,GBR-A035,OEF shared city Exposure score (population density screening),Open Earth Foundation,T2,CCRA-017;CCRA-028,2,2024,1,
GBR,United Kingdom,adaptation,GBR-A036,OEF shared city Vulnerability score (age/social screening),Open Earth Foundation,T2,CCRA-001;CCRA-020;CCRA-038,3,2024,1,
GBR,United Kingdom,adaptation,GBR-A037,OEF Flood / Heat / Landslide mechanism-type layers (NbS screening),Open Earth Foundation (nbs_*_mechanism_type),T2,CCRA-011;CCRA-023;CCRA-026;CCRA-039,4,2024,1,
MAR,Morocco,mitigation,MAR-001,Rapport National d’Inventaire des GES (NIR 2024) — série 2010–2022,Département du Développement Durable (Maroc) / UNFCCC,T1,I.1;I.2;I.3;I.4;I.5;I.7;I.8;II.1;II.2;II.3;II.4;II.5;III.1;III.2;III.3;III.4;IV.1;IV.2;V.1;V.2;V.3,21,2015;2016;2017;2018;2019;2020;2021;2022,8,
MAR,Morocco,mitigation,MAR-002,"Indicateurs sectoriels (agriculture, mines, énergie, eau, industrie, transport…)",Portail Open Data Maroc (data.gov.ma) — sources administratives consolidées,T1,I.1;I.2;I.3;I.4;I.5;II.1;IV.1;V.1;V.3,9,2015;2016;2017;2018;2019;2020;2021;2022,8,
MAR,Morocco,mitigation,MAR-003,Indicateurs sectoriels — Énergie et eau 2010–2020,Portail Open Data Maroc,T1,I.1;I.2;I.3;I.4;III.4,5,2015;2016;2017;2018;2019;2020,6,
MAR,Morocco,mitigation,MAR-004,Chiffres clés annuels de l’énergie,Ministère de la Transition Énergétique et du Développement Durable (MEM),T1,I.1;I.2;I.3;I.4;I.5;I.8;II.1,7,2015;2016;2017;2018;2019;2020;2021,7,
MAR,Morocco,mitigation,MAR-005,Rapports d’activités ONEE — Branche Électricité,Office National de l’Électricité et de l’Eau Potable (ONEE),T1,I.1;I.2;I.3;I.4,4,2021;2022;2023;2024,4,
MAR,Morocco,mitigation,MAR-006,Rapport annuel ANRE (marché électrique / production par source),Autorité Nationale de Régulation de l’Électricité (ANRE),T1,I.4,1,2024,1,
MAR,Morocco,mitigation,MAR-007,Plateforme capacité d’accueil des réseaux (transport & distribution),ANRE,T1,I.4,1,,0,
MAR,Morocco,mitigation,MAR-008,Rapports financiers / volumes électricité — Lydec (Grand Casablanca),Lydec / AMMC filings (historically); SRM Casablanca-Settat from Oct 2024,T1,I.1;I.2;I.3;III.4,4,2024,1,
MAR,Morocco,mitigation,MAR-009,Taux d’équipement des ménages en électricité / conditions de vie,Haut-Commissariat au Plan (HCP),T1,I.1,1,2024,1,
MAR,Morocco,mitigation,MAR-010,Annuaire statistique du Maroc (plateforme),HCP,T1,I.1;I.2;I.3;II.1;V.1;V.3;VI.1,7,,0,
MAR,Morocco,mitigation,MAR-011,État des lieux de la consommation énergétique — Région Fès-Meknès,Conseil de la Région Fès-Meknès,T1,I.1;I.2;I.3;I.5;II.1,5,2022,1,
MAR,Morocco,mitigation,MAR-012,Statistiques des immatriculations et effectif des véhicules (NARSA),Agence Nationale de la Sécurité Routière (NARSA) via data.gov.ma,T1,II.1,1,2021;2022;2023;2024,4,
MAR,Morocco,mitigation,MAR-013,Suivi marché carburants (volumes gasoil/essence distribués),Conseil de la Concurrence,T1,II.1,1,2024,1,
MAR,Morocco,mitigation,MAR-014,Monographie automobile,Conseil de la Concurrence,T1,II.1,1,2022;2023,2,
MAR,Morocco,mitigation,MAR-015,Communiqués / indicateurs trafic ONCF (voyageurs & fret),Office National des Chemins de Fer (ONCF),T1,II.2,1,2024,1,
MAR,Morocco,mitigation,MAR-016,Statistiques de trafic portuaire national (ANP / Ministère de l’Équipement),Agence Nationale des Ports (ANP) / Direction des Ports,T1,II.3,1,2021;2022;2023;2024,4,
MAR,Morocco,mitigation,MAR-017,Bilans d’activité portuaire Tanger Med,Tanger Med Port Authority (TMPA),T1,II.3,1,,0,
MAR,Morocco,mitigation,MAR-018,"Statistiques de trafic aérien (passagers, mouvements) par aéroport",Office National Des Aéroports (ONDA),T1,II.4,1,2024,1,
MAR,Morocco,mitigation,MAR-019,"Indicateurs assainissement liquide ONEE (STEP, population desservie)",ONEE — Branche Eau / Assainissement,T1,III.4,1,2023,1,
MAR,Morocco,mitigation,MAR-020,"Programme National des Déchets Ménagers — indicateurs publics (taux d’enfouissement, réhabilitation)",Ministère de la Transition Énergétique et du Développement Durable / Ministère de l’Intérieur,T1,III.1,1,2023;2024,2,
MAR,Morocco,mitigation,MAR-021,Livraisons / ventes de ciment (APC / ministère Habitat),Association Professionnelle des Cimentiers (APC); cross-cited by producers & ministry,T3,I.3;IV.1,2,,0,
MAR,Morocco,mitigation,MAR-022,Recensement national du cheptel 2025,Ministère de l’Agriculture (MAPMDREF),T1,V.1,1,,0,
MAR,Morocco,mitigation,MAR-023,Inventaire Forestier National / statistiques forestières ANEF,Agence Nationale des Eaux et Forêts (ANEF) / ex-HCEFLCD,T1,V.2,1,2015;2016;2017;2018;2019;2020;2021;2022;2023;2024,10,
MAR,Morocco,mitigation,MAR-024,EDGAR GHG gridded & cities emissions,European Commission JRC (EDGAR),T2,I.1;I.2;I.3;I.4;II.1;II.2;II.3;II.4;III.1;III.4;IV.1;V.1;V.2;V.3,14,2015;2016;2017;2018;2019;2020;2021;2022;2023;2024,10,
MAR,Morocco,mitigation,MAR-025,"Climate TRACE inventory (countries, assets, urban areas)",Climate TRACE,T2,I.3;I.4;II.1;II.3;II.4;III.1;IV.1;V.2,8,2021,1,
MAR,Morocco,mitigation,MAR-026,Global Forest Watch tree-cover / forest-change layers,World Resources Institute / partners,T2,V.2,1,2015;2016;2017;2018;2019;2020;2021;2022;2023;2024,10,
MAR,Morocco,mitigation,MAR-027,ESA WorldCover / Copernicus land-cover products,ESA / Copernicus,T2,V.2;V.3,2,2020;2021,2,
MAR,Morocco,mitigation,MAR-028,"FAOSTAT (crops, livestock, fertilizers, land)",FAO,T1,I.5;V.1;V.2;V.3,4,,0,
MAR,Morocco,mitigation,MAR-029,Plans Climat Territoriaux (PCT) — analyses GES régionales (ex. Casablanca-Settat),Régions / Département Environnement (project outputs; e.g. ECI references),T3,I.1;I.2;II.1;III.1;VI.1,5,,0,
MAR,Morocco,mitigation,MAR-030,Global Power Plant Database (Morocco plants),WRI,T2,I.4,1,,0,
MAR,Morocco,adaptation,MAR-A001,"RGPH 2024 — résultats interactifs (démographie, habitat, services)",Haut-Commissariat au Plan (HCP),T1,CCRA-001;CCRA-015;CCRA-018;CCRA-019;CCRA-020;CCRA-028;CCRA-038;CCRA-040,8,2024,1,
MAR,Morocco,adaptation,MAR-A002,Cartographie de la pauvreté multidimensionnelle (Mai 2025),Haut-Commissariat au Plan (HCP),T1,CCRA-010;CCRA-015;CCRA-020;CCRA-038,4,2024,1,
MAR,Morocco,adaptation,MAR-A003,Morocco COD-AB — subnational administrative boundaries (ADM0–ADM2),OCHA / HDX (source: HCP),T1,CCRA-017;CCRA-028,2,2024,1,
MAR,Morocco,adaptation,MAR-A004,"WorldPop constrained population counts (MAR, ~100 m, 2015–2030)",WorldPop / University of Southampton (via HDX),T2,CCRA-017;CCRA-028,2,2015;2016;2017;2018;2019;2020;2021;2022;2023;2024,10,
MAR,Morocco,adaptation,MAR-A005,"WorldPop age-sex structures (MAR, ~100 m)",WorldPop / University of Southampton,T2,CCRA-001,1,2015;2016;2017;2018;2019;2020;2021;2022;2023;2024,10,
MAR,Morocco,adaptation,MAR-A006,GHSL Population Grid (GHS-POP),European Commission JRC,T2,CCRA-028,1,2024,1,
MAR,Morocco,adaptation,MAR-A007,"Morocco — Risk Assessment Indicators (HeiGIT GAIA / HDX, ADM2)",HeiGIT (via HDX),T3,CCRA-001;CCRA-011;CCRA-015;CCRA-016;CCRA-017;CCRA-028,6,2024,1,
MAR,Morocco,adaptation,MAR-A008,Atlas des zones inondables — ABH du Tensift (web atlas),Agence de Bassin Hydraulique du Tensift (ABHT),T1,CCRA-011;CCRA-017,2,2024,1,
MAR,Morocco,adaptation,MAR-A009,Atlas des zones inondables (AZI) — programme national ABH / Intérieur,Agences de Bassins Hydrauliques + Ministère de l’Intérieur,T1,CCRA-011;CCRA-017,2,2024,1,
MAR,Morocco,adaptation,MAR-A010,JRC Global River Flood Hazard Maps v2.1,European Commission JRC,T2,CCRA-011;CCRA-017,2,2024,1,
MAR,Morocco,adaptation,MAR-A011,WRI Aqueduct Flood Hazard Maps,World Resources Institute,T2,CCRA-011,1,2024,1,
MAR,Morocco,adaptation,MAR-A012,"CHIRPS extreme precipitation indices (Rx5day, R90p/R95p/R99p) + climatology",UCSB Climate Hazards Center / CHIRPS (OEF transformations available),T2,CCRA-011;CCRA-023;CCRA-025;CCRA-037,4,2015;2016;2017;2018;2019;2020;2021;2022;2023;2024,10,
MAR,Morocco,adaptation,MAR-A013,"ERA5-Land extreme temperature / heatwave indices (TXx, TX90p, HWM, …)",ECMWF / Copernicus (OEF transformations available),T2,CCRA-026;CCRA-033,2,2015;2016;2017;2018;2019;2020;2021;2022;2023;2024,10,
MAR,Morocco,adaptation,MAR-A014,SPEIbase / global SPEI gridded drought index,CSIC / SPEI project (and equivalents from ERA5/CHIRPS workflows),T2,CCRA-024;CCRA-036,2,2024,1,
MAR,Morocco,adaptation,MAR-A015,DGM / Direction Générale de la Météorologie — station climate & drought indices (SPI/SPEI),Direction Générale de la Météorologie (Maroc),T1,CCRA-024;CCRA-026;CCRA-033;CCRA-036;CCRA-037,5,2024,1,
MAR,Morocco,adaptation,MAR-A016,NASA LHASA / global rainfall-triggered landslide hazard,NASA GSFC,T2,CCRA-022;CCRA-023,2,2024,1,
MAR,Morocco,adaptation,MAR-A017,Copernicus DEM GLO-30 (+ slope/HAND derivatives),ESA / Copernicus,T2,CCRA-011;CCRA-022;CCRA-023,3,,0,
MAR,Morocco,adaptation,MAR-A018,NASA / IPCC sea-level change & coastal elevation proxies,NASA Sea Level Change / IPCC projections (+ CoastalDEM/NASADEM),T2,CCRA-017;CCRA-029;CCRA-035,3,2024,1,
MAR,Morocco,adaptation,MAR-A019,Hansen Global Forest Change (treecover / loss),UMD / GLAD,T2,CCRA-013;CCRA-014;CCRA-027,3,2024,1,
MAR,Morocco,adaptation,MAR-A020,ESA WorldCover / Dynamic World land cover,ESA / Google+WRI (Dynamic World),T2,CCRA-004;CCRA-013;CCRA-027,3,2024,1,
MAR,Morocco,adaptation,MAR-A021,World Database on Protected Areas (WDPA),UNEP-WCMC / IUCN,T2,CCRA-005;CCRA-031,2,2024,1,
MAR,Morocco,adaptation,MAR-A022,Biodiversity Intactness Index (BII) / related intactness layers,Natural History Museum / GEO BON community products,T2,CCRA-006,1,2024,1,
MAR,Morocco,adaptation,MAR-A023,Key Biodiversity Areas / conservation-value layers,BirdLife / KBA Partnership (and national SIBE listings),T3,CCRA-005,1,2024,1,
MAR,Morocco,adaptation,MAR-A024,"Indicateurs sectoriels (agriculture, énergie, eau, transport…) — data.gov.ma",Portail Open Data Maroc (sources administratives),T1,CCRA-002;CCRA-004;CCRA-009;CCRA-012;CCRA-021;CCRA-034;CCRA-037;CCRA-041,8,2015;2016;2017;2018;2019;2020;2021;2022;2023;2024,10,
MAR,Morocco,adaptation,MAR-A025,Agriculture et pêche — open data MEF / data.gov.ma,Ministère de l’Économie et des Finances (via data.gov.ma),T1,CCRA-002;CCRA-003;CCRA-004;CCRA-012,4,2024,1,
MAR,Morocco,adaptation,MAR-A026,Crop and irrigation types ground-truth (5 major agricultural regions),Research dataset (Sci Data / Nature portfolio),T3,CCRA-003;CCRA-004;CCRA-008;CCRA-012,4,2023;2024,2,
MAR,Morocco,adaptation,MAR-A027,"OpenStreetMap — roads, railways, ports, health facilities, buildings",OpenStreetMap contributors,T3,CCRA-016;CCRA-017;CCRA-029;CCRA-032;CCRA-034;CCRA-038,6,2024,1,
MAR,Morocco,adaptation,MAR-A028,Global Power Plant Database / WRI energy infrastructure,WRI,T2,CCRA-030,1,2024,1,
MAR,Morocco,adaptation,MAR-A029,Statistiques de trafic portuaire / infrastructures portuaires (ANP / équipement),Agence Nationale des Ports / Ministère de l’Équipement,T1,CCRA-029,1,2024,1,
MAR,Morocco,adaptation,MAR-A030,Cartographie des établissements économiques / services publics (HCP 2023/2024),Haut-Commissariat au Plan (HCP),T1,CCRA-015;CCRA-016,2,2023;2024,2,
MAR,Morocco,adaptation,MAR-A031,ONEE / ANRE — electricity production & consumption statistics,ONEE / ANRE,T1,CCRA-009;CCRA-010,2,2024,1,
MAR,Morocco,adaptation,MAR-A032,Microsoft Building Footprints / Google Open Buildings (MAR coverage),Microsoft / Google,T2,CCRA-017;CCRA-038,2,2024,1,
MAR,Morocco,adaptation,MAR-A033,WRI Aqueduct Water Risk / water security composites,World Resources Institute,T2,CCRA-019;CCRA-041,2,2024,1,
MAR,Morocco,adaptation,MAR-A034,OEF CHIRPS–COPDEM Flood Risk Index (FRI) — global/present+SSP inputs,OEF geospatial-data transformations (CHIRPS + COPDEM),T2,CCRA-011,1,2024,1,
MAR,Morocco,adaptation,MAR-A035,OEF Flood Hazard Score (city screening ensemble),Open Earth Foundation (geospatial-data / models/flood_hazard),T2,CCRA-011;CCRA-017,2,2024,1,
MAR,Morocco,adaptation,MAR-A036,OEF Heat Hazard Score (city screening ensemble),Open Earth Foundation (geospatial-data / models/heat_hazard),T2,CCRA-026,1,2024,1,
MAR,Morocco,adaptation,MAR-A037,OEF Landslide Hazard Score (city screening ensemble),Open Earth Foundation (geospatial-data / models/landslide_hazard),T2,CCRA-022;CCRA-023,2,2024,1,
MAR,Morocco,adaptation,MAR-A038,OEF Flood Risk Score H×E×V (city screening),Open Earth Foundation (geospatial-data / flood_risk),T2,CCRA-011;CCRA-017;CCRA-028,3,2024,1,
MAR,Morocco,adaptation,MAR-A039,OEF Heat Risk Score H×E×V (city screening),Open Earth Foundation (geospatial-data / heat_risk),T2,CCRA-001;CCRA-026;CCRA-028,3,2024,1,
MAR,Morocco,adaptation,MAR-A040,OEF Landslide Risk Score H×E×V (city screening),Open Earth Foundation (geospatial-data / landslide_risk),T2,CCRA-017;CCRA-022;CCRA-023;CCRA-028,4,2024,1,
MAR,Morocco,adaptation,MAR-A041,OEF shared city Exposure score (population density screening),Open Earth Foundation (geospatial-data CCRA E layer),T2,CCRA-017;CCRA-028,2,2024,1,
MAR,Morocco,adaptation,MAR-A042,OEF shared city Vulnerability score (age/social screening),Open Earth Foundation (geospatial-data CCRA V layer),T2,CCRA-001;CCRA-020;CCRA-038,3,2024,1,
MAR,Morocco,adaptation,MAR-A043,OEF Flood / Heat / Landslide mechanism-type layers (NbS screening),Open Earth Foundation (models/nbs_*_mechanism_type),T2,CCRA-011;CCRA-023;CCRA-026;CCRA-039,4,2024,1,
MEX,Mexico,mitigation,MEX-001,Inventario Nacional de Emisiones de Gases y Compuestos de Efecto Invernadero (INEGyCEI),Instituto Nacional de Ecología y Cambio Climático (INECC) / SEMARNAT,T1,I.1;I.2;I.3;I.4;I.5;I.7;I.8;II.1;II.2;II.3;II.4;II.5;III.1;III.2;III.3;III.4;IV.1;IV.2;V.1;V.2;V.3,21,2015;2016;2017;2018;2019;2020;2021;2022;2023;2024,10,
MEX,Mexico,mitigation,MEX-002,Registro Nacional de Emisiones (RENE),SEMARNAT,T1,I.3;I.4;I.8;II.5;III.1;III.4;IV.1,7,,0,
MEX,Mexico,mitigation,MEX-003,Balance Nacional de Energía (BNE),Secretaría de Energía (SENER),T1,I.1;I.2;I.3;I.4;I.5;II.1,6,2022,1,
MEX,Mexico,mitigation,MEX-004,Sistema de Información Energética (SIE),SENER,T1,I.1;I.2;I.3;I.4;I.8;II.1,6,,0,
MEX,Mexico,mitigation,MEX-005,CENACE — operación del Sistema Eléctrico Nacional (demanda/generación),Centro Nacional de Control de Energía (CENACE),T1,I.4,1,2024,1,
MEX,Mexico,mitigation,MEX-006,CFE / CRE — ventas y tarifas de electricidad; factor de emisión del SEN,CFE / Comisión Reguladora de Energía (CRE),T1,I.1;I.2;I.3;I.4,4,,0,
MEX,Mexico,mitigation,MEX-007,CNH Tablero de Producción / PEMEX BDI — hidrocarburos,Comisión Nacional de Hidrocarburos (CNH) / PEMEX,T1,I.4;I.8,2,,0,
MEX,Mexico,mitigation,MEX-008,CRE / SENER — estadísticas de gas natural y petrolíferos,CRE / SENER,T1,I.1;I.2;I.3;I.8;II.1,5,,0,
MEX,Mexico,mitigation,MEX-009,"INEGI — parque vehicular, transporte y estadísticas de movilidad",Instituto Nacional de Estadística y Geografía (INEGI),T1,II.1;II.2,2,,0,
MEX,Mexico,mitigation,MEX-010,"SCT / AFAC — estadísticas aeroportuarias, ferroviarias y marítimas",SICT / Agencia Federal de Aviación Civil / autoridades portuarias,T1,II.2;II.3;II.4,3,,0,
MEX,Mexico,mitigation,MEX-011,Censo Agropecuario / SIAP — estadísticas agropecuarias,INEGI / SIAP (SADER),T1,I.5;V.1;V.2;V.3,4,2022,1,
MEX,Mexico,mitigation,MEX-012,Inventario Nacional Forestal y de Suelos (INFyS) / SNMF,CONAFOR,T1,V.2,1,2015;2016;2017;2018;2019;2020,6,
MEX,Mexico,mitigation,MEX-013,SEMARNAT — diagnósticos y estadísticas de residuos (RSU / RME),SEMARNAT / gobiernos estatales y municipales,T1,III.1;III.2;III.3,3,,0,
MEX,Mexico,mitigation,MEX-014,Inventario de Emisiones de la ZMVM / CDMX (SEDEMA) — GEI y contaminantes,Secretaría del Medio Ambiente de la Ciudad de México (SEDEMA),T1,I.1;I.2;I.3;I.4;II.1;II.2;III.1;III.2;III.3;III.4;IV.1;IV.2;V.1,13,2020,1,
MEX,Mexico,mitigation,MEX-015,Inventarios estatales / municipales de GEI (seleccionados; GCoM y programas estatales),Gobiernos estatales y municipales / programas GCoM,T1,I.1;I.2;I.3;II.1;III.1;III.4,6,,0,
MEX,Mexico,mitigation,MEX-016,CONAGUA / organismos operadores — agua residual y potabilización,CONAGUA / organismos operadores municipales,T1,III.4,1,,0,
MEX,Mexico,mitigation,MEX-017,Factores de emisión y calculadora RENE / CONUEE,SEMARNAT / INECC / CONUEE,T1,I.1;I.2;I.3;I.4;II.1;II.5;III.1;III.4;IV.2;VI.1,10,,0,
MEX,Mexico,mitigation,MEX-018,INEGyCEI desagregación por sectores económicos,INECC,T1,I.1;I.2;I.3;I.4;I.8;II.1;III.1;V.1,8,2015;2016;2017;2018;2019;2020;2021,7,
MEX,Mexico,mitigation,MEX-019,F-gases / uso de productos (INEGyCEI IPPU),INECC / SEMARNAT,T1,IV.2,1,,0,
MEX,Mexico,mitigation,MEX-020,EDGAR GHG gridded & cities emissions,European Commission JRC,T2,I.1;I.2;I.3;I.4;II.1;II.3;II.4;III.1;IV.1;V.1;V.2;V.3,12,2015;2016;2017;2018;2019;2020;2021;2022;2023;2024,10,
MEX,Mexico,mitigation,MEX-021,Climate TRACE inventory,Climate TRACE,T2,I.3;I.4;I.8;II.1;II.3;II.4;III.1;IV.1;V.2,9,,0,
MEX,Mexico,mitigation,MEX-022,Global Power Plant Database (México),WRI / Global Energy Monitor ecosystem (GPPD),T2,I.4,1,,0,
MEX,Mexico,mitigation,MEX-023,FAOSTAT + Global Forest Watch / coberturas satelitales,FAO / WRI / Copernicus,T2,V.1;V.2;V.3,3,,0,
MEX,Mexico,mitigation,MEX-024,INEGI — cuentas económicas y ambientales / energía (productos SEEA parciales),INEGI,T1,I.1;I.2;I.3;I.4;II.1;VI.1,6,,0,
MEX,Mexico,mitigation,MEX-025,PRODESEN / capacidad instalada y prospectiva eléctrica,SENER / CENACE,T1,I.4,1,,0,
MEX,Mexico,adaptation,MEX-A001,INEGI Censo de Población y Vivienda 2020 — Principales resultados por AGEB y manzana urbana,Instituto Nacional de Estadística y Geografía (INEGI),T1,CCRA-001;CCRA-010;CCRA-015;CCRA-018;CCRA-019;CCRA-020;CCRA-028;CCRA-038,8,2020;2021;2022;2023;2024,5,
MEX,Mexico,adaptation,MEX-A002,CONEVAL Grado de Rezago Social AGEB urbana 2020 + estimaciones de pobreza urbana (AGEB/localidad),CONEVAL,T1,CCRA-010;CCRA-015;CCRA-020;CCRA-038,4,2020;2021;2022;2023;2024,5,
MEX,Mexico,adaptation,MEX-A003,INEGI Marco Geoestadístico — AGEB / manzana / municipio / entidad,INEGI,T1,CCRA-017,1,2020;2021;2022;2023;2024,5,
MEX,Mexico,adaptation,MEX-A004,WorldPop / GHSL population grids (México),WorldPop / JRC,T2,CCRA-017;CCRA-028,2,2024,1,
MEX,Mexico,adaptation,MEX-A005,CLUES / SSA establecimientos de salud + OSM healthcare POIs,Secretaría de Salud / DGIS / OSM,T1,CCRA-007;CCRA-015;CCRA-016,3,2024,1,
MEX,Mexico,adaptation,MEX-A006,CENAPRED Atlas Nacional de Riesgos — peligro/vulnerabilidad por inundación + catálogo de inundaciones,CENAPRED,T1,CCRA-011;CCRA-017,2,2016;2017;2018;2019;2020;2021;2022;2023;2024,9,
MEX,Mexico,adaptation,MEX-A007,Atlas estatales/municipales de riesgos + CONAGUA puntos críticos de inundación,Estados / municipios / CONAGUA–CENAPRED,T1,CCRA-011;CCRA-017,2,2024,1,
MEX,Mexico,adaptation,MEX-A008,JRC Global River Flood Hazard + WRI Aqueduct Flood,JRC / WRI,T2,CCRA-011,1,2024,1,
MEX,Mexico,adaptation,MEX-A009,CENAPRED Mapa Nacional de Susceptibilidad por Inestabilidad de Laderas (2020) + NASA LHASA/DEM drivers,CENAPRED / NASA / ESA,T1,CCRA-017;CCRA-022;CCRA-023,3,2020;2021;2022;2023;2024,5,
MEX,Mexico,adaptation,MEX-A010,SMN / CONAGUA climate + INECC escenarios de cambio climático (proyecciones nacionales),SMN / CONAGUA / INECC,T1,CCRA-024;CCRA-025;CCRA-026;CCRA-033;CCRA-035;CCRA-036;CCRA-037;CCRA-041,8,2024,1,
MEX,Mexico,adaptation,MEX-A011,CHIRPS + ERA5-Land extremes / OEF HWM & FRI inputs,UCSB CHIRPS / ECMWF / OEF,T2,CCRA-011;CCRA-024;CCRA-025;CCRA-026;CCRA-033;CCRA-036;CCRA-037,7,2024,1,
MEX,Mexico,adaptation,MEX-A012,INECC / SEMARNAT coastal vulnerability & SLR studies + tide gauges; IPCC AR6 regional SLR,INECC / SEMARNAT / UNAM / IPCC,T1,CCRA-029;CCRA-035,2,2024,1,
MEX,Mexico,adaptation,MEX-A013,INEGI Censo Agropecuario / SIAP land use & irrigation statistics,INEGI / SIAP–SADER,T1,CCRA-002;CCRA-003;CCRA-004;CCRA-008;CCRA-012,5,2024,1,
MEX,Mexico,adaptation,MEX-A014,CONAFOR INFyS / MAD-MEX land cover + Hansen GFC,CONAFOR / CONABIO / UMD,T1,CCRA-013;CCRA-014;CCRA-027,3,2024,1,
MEX,Mexico,adaptation,MEX-A015,CONANP / CONABIO Áreas Naturales Protegidas + WDPA México,CONANP / CONABIO / UNEP-WCMC,T1,CCRA-005;CCRA-031,2,2024,1,
MEX,Mexico,adaptation,MEX-A016,Biodiversity Intactness Index + KBAs (México),NHM / BirdLife,T3,CCRA-005;CCRA-006,2,2024,1,
MEX,Mexico,adaptation,MEX-A017,INEGI SCN / Cuentas por sectores — agroindustria e industria (PIB shares),INEGI,T1,CCRA-002;CCRA-021,2,2024,1,
MEX,Mexico,adaptation,MEX-A018,"INEGI / OSM — carretera, ferrocarril, puertos, edificios; Microsoft footprints",INEGI / OSM / Microsoft,T1,CCRA-017;CCRA-032;CCRA-034;CCRA-038,4,2024,1,
MEX,Mexico,adaptation,MEX-A019,CENACE / CFE / CRE generation registers + WRI Global Power Plant Database,CENACE / CFE / CRE / WRI,T1,CCRA-009;CCRA-030,2,2024,1,
MEX,Mexico,adaptation,MEX-A020,SENER BNE/SIE electricity sales; Census dwelling electricity & CONEVAL energy-related carencias,SENER / INEGI / CONEVAL,T1,CCRA-009;CCRA-010,2,2020;2021;2022;2023;2024,5,
MEX,Mexico,adaptation,MEX-A021,CONAGUA REPDA / availability & drought monitors; organismos operadores urban water,CONAGUA / organismos operadores,T1,CCRA-019;CCRA-036;CCRA-041,3,2024,1,
MEX,Mexico,adaptation,MEX-A022,SEMARNAT residuos / INEGI waste statistics + municipal collection open data,SEMARNAT / INEGI / municipios,T1,CCRA-040,1,2024,1,
MEX,Mexico,adaptation,MEX-A023,API / SCT / SEMAR ports & OSM harbour features,Administración Portuaria Integral / SCT / OSM,T1,CCRA-029,1,2024,1,
MEX,Mexico,adaptation,MEX-A028,OEF CHIRPS–COPDEM Flood Risk Index (FRI) — present+SSP,Open Earth Foundation,T2,CCRA-011,1,2024,1,
MEX,Mexico,adaptation,MEX-A029,OEF Flood Hazard Score (city screening ensemble),Open Earth Foundation (models/flood_hazard),T2,CCRA-011;CCRA-017,2,2024,1,
MEX,Mexico,adaptation,MEX-A030,OEF Heat Hazard Score (city screening ensemble),Open Earth Foundation (models/heat_hazard),T2,CCRA-026,1,2024,1,
MEX,Mexico,adaptation,MEX-A031,OEF Landslide Hazard Score (city screening ensemble),Open Earth Foundation (models/landslide_hazard),T2,CCRA-022;CCRA-023,2,2024,1,
MEX,Mexico,adaptation,MEX-A032,OEF Flood Risk Score H×E×V (city screening),Open Earth Foundation (flood_risk),T2,CCRA-011;CCRA-017;CCRA-028,3,2024,1,
MEX,Mexico,adaptation,MEX-A033,OEF Heat Risk Score H×E×V (city screening),Open Earth Foundation (heat_risk),T2,CCRA-001;CCRA-026;CCRA-028,3,2024,1,
MEX,Mexico,adaptation,MEX-A034,OEF Landslide Risk Score H×E×V (city screening),Open Earth Foundation (landslide_risk),T2,CCRA-017;CCRA-022;CCRA-023;CCRA-028,4,2024,1,
MEX,Mexico,adaptation,MEX-A035,OEF shared city Exposure score (population density screening),Open Earth Foundation,T2,CCRA-017;CCRA-028,2,2024,1,
MEX,Mexico,adaptation,MEX-A036,OEF shared city Vulnerability score (age/social screening),Open Earth Foundation,T2,CCRA-001;CCRA-020;CCRA-038,3,2024,1,
MEX,Mexico,adaptation,MEX-A037,OEF Flood / Heat / Landslide mechanism-type layers (NbS screening),Open Earth Foundation (nbs_*_mechanism_type),T2,CCRA-011;CCRA-023;CCRA-026,3,2024,1,
PHL,Philippines,mitigation,PHL-001,Philippines Biennial Transparency Report (BTR1) — National GHG Inventories 2015 & 2020,Climate Change Commission (CCC) / UNFCCC,T1,I.1;I.2;I.3;I.4;I.5;I.7;I.8;II.1;II.2;II.3;II.4;II.5;III.1;III.2;III.3;III.4;IV.1;IV.2;V.1;V.2;V.3,21,2015;2020,2,
PHL,Philippines,mitigation,PHL-002,2015 and 2020 National GHGI Executive Brief / NICCDIES GHG portal,CCC / NICCDIES,T1,I.1;II.1;III.1;IV.1;V.1;V.2,6,2015;2020;2024,3,
PHL,Philippines,mitigation,PHL-003,"Philippine Power Statistics (sales, generation, capacity by grid/region/sector)",Department of Energy (DOE) — EPIMB,T1,I.1;I.2;I.3;I.4,4,2015;2016;2017;2018;2019;2020;2021;2022;2023;2024,10,
PHL,Philippines,mitigation,PHL-004,Key Energy Statistics / Energy Supply and Demand Situationer / Energy Balance Table,DOE — EPPB,T1,I.1;I.2;I.3;I.4;I.5;I.7;I.8;II.1;II.5,9,2023;2024,2,
PHL,Philippines,mitigation,PHL-005,"PSA OpenSTAT — Energy, Agriculture, Environment databases",Philippine Statistics Authority (PSA),T1,I.1;I.3;III.4;V.1;V.2;V.3,6,,0,
PHL,Philippines,mitigation,PHL-006,Meralco distribution sales / annual reports (franchise area),Manila Electric Company (Meralco),T1,I.1;I.2;I.3,3,2022,1,
PHL,Philippines,mitigation,PHL-007,LTO motor vehicle registration statistics (by classification/region/fuel),Land Transportation Office (LTO) / DOTr,T1,II.1,1,2023;2024,2,
PHL,Philippines,mitigation,PHL-008,Philippine Ports Authority (PPA) annual & quarterly port statistics,Philippine Ports Authority,T1,II.3,1,2024,1,
PHL,Philippines,mitigation,PHL-009,CAAP / MIAA / MCIAA / CIAC airport traffic statistics & dashboards,"CAAP and airport authorities (MIAA, MCIAA, CIAC) under DOTr",T1,II.4,1,2024,1,
PHL,Philippines,mitigation,PHL-010,Urban rail ridership (LRT/MRT/PNR performance disclosures),DOTr / LRTA / PNR (GCG scorecards),T1,II.2,1,,0,
PHL,Philippines,mitigation,PHL-011,NSWMC / EMB solid waste generation & facility status reports,National Solid Waste Management Commission / DENR-EMB,T1,III.1;III.2;III.3,3,2015;2016;2017;2018;2023;2024,6,
PHL,Philippines,mitigation,PHL-012,PSA livestock & poultry / crops surveys (OpenSTAT Agriculture),PSA,T1,I.5;V.1;V.3,3,,0,
PHL,Philippines,mitigation,PHL-013,NAMRIA land cover / FMB Philippine Forestry Statistics / FRL,NAMRIA / DENR-FMB,T1,V.2,1,2015;2020;2022,3,
PHL,Philippines,mitigation,PHL-014,Quezon City GHG inventory / Enhanced QC-LCCAP (GPC-based),Quezon City Government (C40 / partners),T1,I.1;I.2;I.3;II.1;II.2;III.1;III.4,7,2016,1,
PHL,Philippines,mitigation,PHL-016,Coal production by source (Key Energy Statistics),DOE,T1,I.4;I.7,2,,0,
PHL,Philippines,mitigation,PHL-017,Oil and gas production & petroleum product consumption by sector (KES),DOE,T1,I.1;I.3;I.8;II.1,4,,0,
PHL,Philippines,mitigation,PHL-018,Cement industry production/capacity disclosures (CeMAP / DTI context),Cement Manufacturers Association of the Philippines (CeMAP) / DTI citations,T3,I.3;IV.1,2,2020;2021;2022;2023;2024,5,
PHL,Philippines,mitigation,PHL-019,EDGAR GHG gridded & cities emissions,European Commission JRC,T2,I.1;I.2;I.3;I.4;II.1;II.3;II.4;III.1;IV.1;V.1;V.2;V.3,12,2015;2016;2017;2018;2019;2020;2021;2022;2023;2024,10,
PHL,Philippines,mitigation,PHL-020,Climate TRACE inventory,Climate TRACE,T2,I.3;I.4;II.1;II.3;II.4;III.1;IV.1;V.2,8,,0,
PHL,Philippines,mitigation,PHL-021,FAOSTAT + Global Forest Watch / ESA WorldCover,FAO / WRI / ESA,T2,V.1;V.2;V.3,3,2015;2016;2017;2018;2019;2020;2021;2022;2023;2024,10,
PHL,Philippines,mitigation,PHL-022,Global Power Plant Database (Philippines),WRI,T2,I.4,1,,0,
PHL,Philippines,mitigation,PHL-023,Family Income and Expenditure Survey (FIES) — energy-related expenditure,PSA,T1,I.1;VI.1,2,,0,
PHL,Philippines,mitigation,PHL-024,Water utilities / MWSS concessionaire disclosures (wastewater supporting for Metro Manila),MWSS concessionaires (Maynilad / Manila Water) — annual reports,T1,III.4,1,,0,
PHL,Philippines,adaptation,PHL-A001,"PSA Census of Population and Housing 2020 — barangay population, age/sex, housing & WASH",Philippine Statistics Authority (PSA),T1,CCRA-001;CCRA-015;CCRA-018;CCRA-019;CCRA-028;CCRA-038;CCRA-040,7,2020;2021;2022;2023;2024,5,
PHL,Philippines,adaptation,PHL-A002,PSA poverty statistics (FIES / SAE) + OpenSTAT poverty,Philippine Statistics Authority (PSA),T1,CCRA-010;CCRA-020;CCRA-038,3,2024,1,
PHL,Philippines,adaptation,PHL-A003,Philippines COD-AB — subnational administrative boundaries (ADM0–4),OCHA / HDX (PSA PSGC lineage),T1,CCRA-017;CCRA-028,2,,0,
PHL,Philippines,adaptation,PHL-A004,"WorldPop constrained population & age-sex (PHL, ~100 m)",WorldPop / University of Southampton,T2,CCRA-001;CCRA-017;CCRA-028,3,2015;2016;2017;2018;2019;2020;2021;2022;2023;2024,10,
PHL,Philippines,adaptation,PHL-A005,GHSL Population Grid (GHS-POP),European Commission JRC,T2,CCRA-028,1,2024,1,
PHL,Philippines,adaptation,PHL-A006,"NDHS / DHS Philippines — health, WASH, nutrition",PSA / The DHS Program,T1,CCRA-007;CCRA-015;CCRA-018;CCRA-019,4,2024,1,
PHL,Philippines,adaptation,PHL-A007,Project NOAH — Flood hazard maps (5 / 25 / 100-year return periods),DOST / UP Resilience Institute (Project NOAH),T1,CCRA-011;CCRA-017,2,2024,1,
PHL,Philippines,adaptation,PHL-A008,Project NOAH — Landslide susceptibility & debris-flow / alluvial-fan hazards,DOST / UP Resilience Institute (Project NOAH),T1,CCRA-017;CCRA-022;CCRA-023,3,2024,1,
PHL,Philippines,adaptation,PHL-A009,Project NOAH — Storm surge advisory hazard maps (SSA 1–4),DOST / UP Resilience Institute (Project NOAH),T1,CCRA-017;CCRA-029;CCRA-035,3,2024,1,
PHL,Philippines,adaptation,PHL-A010,JRC Global River Flood Hazard Maps v2.1,European Commission JRC,T2,CCRA-011,1,2024,1,
PHL,Philippines,adaptation,PHL-A011,WRI Aqueduct Flood Hazard Maps,World Resources Institute,T2,CCRA-011,1,2024,1,
PHL,Philippines,adaptation,PHL-A012,PAGASA drought / dry-spell assessments + SPEI/SPI agri-impact maps,DOST-PAGASA,T1,CCRA-024;CCRA-025;CCRA-036;CCRA-037,4,2024,1,
PHL,Philippines,adaptation,PHL-A013,PAGASA CliMap — historical & CMIP6 projected climate (municipal),DOST-PAGASA,T1,CCRA-024;CCRA-025;CCRA-026;CCRA-033;CCRA-037,5,2024,1,
PHL,Philippines,adaptation,PHL-A014,"CHIRPS extreme precipitation indices (Rx5day, CDD drivers)",UCSB Climate Hazards Center / CHIRPS,T2,CCRA-011;CCRA-023;CCRA-024;CCRA-025;CCRA-037,5,2015;2016;2017;2018;2019;2020;2021;2022;2023;2024,10,
PHL,Philippines,adaptation,PHL-A015,SPEIbase / global SPEI + ERA5-Land heat indices (HWM/TXx),CSIC SPEI / ECMWF Copernicus (OEF transforms),T2,CCRA-026;CCRA-033;CCRA-036,3,2024,1,
PHL,Philippines,adaptation,PHL-A016,NASA / IPCC sea-level change & coastal elevation proxies,NASA Sea Level Change / IPCC (+ CoastalDEM),T2,CCRA-017;CCRA-029;CCRA-035,3,2024,1,
PHL,Philippines,adaptation,PHL-A017,NASA LHASA landslide hazard (global),NASA GSFC,T2,CCRA-022;CCRA-023,2,2024,1,
PHL,Philippines,adaptation,PHL-A018,Copernicus DEM GLO-30 (+ NAMRIA IfSAR/LiDAR via NOAH lineage),ESA Copernicus / NAMRIA (via NOAH inputs),T2,CCRA-011;CCRA-022;CCRA-023,3,,0,
PHL,Philippines,adaptation,PHL-A019,Hansen Global Forest Change (treecover / loss),UMD / GLAD,T2,CCRA-013;CCRA-014;CCRA-027,3,2015;2016;2017;2018;2019;2020;2021;2022;2023;2024,10,
PHL,Philippines,adaptation,PHL-A020,ESA WorldCover / Dynamic World + NAMRIA land cover,ESA / Google+WRI / NAMRIA,T2,CCRA-004;CCRA-013;CCRA-027,3,2024,1,
PHL,Philippines,adaptation,PHL-A021,World Database on Protected Areas (WDPA) + NIPAS sites,UNEP-WCMC / DENR-BMB,T2,CCRA-005;CCRA-031,2,2024,1,
PHL,Philippines,adaptation,PHL-A022,Biodiversity Intactness Index (BII) + KBAs,NHM / BirdLife KBA Partnership,T3,CCRA-005;CCRA-006,2,2024,1,
PHL,Philippines,adaptation,PHL-A023,PSA / DA agriculture & fisheries statistics (OpenSTAT),PSA / Department of Agriculture,T1,CCRA-002;CCRA-003;CCRA-004;CCRA-008;CCRA-012,5,2024,1,
PHL,Philippines,adaptation,PHL-A024,NIA / DA irrigation service areas + FAO WaPOR,National Irrigation Administration / FAO,T1,CCRA-004;CCRA-008;CCRA-041,3,2024,1,
PHL,Philippines,adaptation,PHL-A025,PSA National Accounts — agriculture & industry GDP shares,Philippine Statistics Authority,T1,CCRA-002;CCRA-021,2,2024,1,
PHL,Philippines,adaptation,PHL-A026,"OpenStreetMap — roads, rail, ports, health, buildings",OpenStreetMap contributors,T3,CCRA-016;CCRA-017;CCRA-029;CCRA-032;CCRA-034;CCRA-038,6,2024,1,
PHL,Philippines,adaptation,PHL-A027,DOH National Health Facility Registry / healthsites.io,Department of Health / healthsites.io,T1,CCRA-015;CCRA-016,2,2024,1,
PHL,Philippines,adaptation,PHL-A028,PPA port statistics & port infrastructure locations,Philippine Ports Authority,T1,CCRA-029,1,2024,1,
PHL,Philippines,adaptation,PHL-A029,Global Power Plant Database / DOE power plant lists,WRI / Department of Energy,T2,CCRA-030,1,2024,1,
PHL,Philippines,adaptation,PHL-A030,DOE Power Statistics / Meralco & electric cooperative sales; HECS,DOE / distribution utilities / PSA HECS,T1,CCRA-009;CCRA-010,2,2024,1,
PHL,Philippines,adaptation,PHL-A031,Microsoft Building Footprints / Google Open Buildings (PHL),Microsoft / Google,T2,CCRA-017;CCRA-038,2,2024,1,
PHL,Philippines,adaptation,PHL-A032,WRI Aqueduct Water Risk / water security composites,World Resources Institute,T2,CCRA-019;CCRA-041,2,2024,1,
PHL,Philippines,adaptation,PHL-A033,HeiGIT / HDX risk assessment style composites (if published) + COD population joins,Humanitarian partners / HDX,T3,CCRA-001;CCRA-015;CCRA-016;CCRA-017;CCRA-028,5,2024,1,
PHL,Philippines,adaptation,PHL-A034,OEF CHIRPS–COPDEM Flood Risk Index (FRI) — global/present+SSP,Open Earth Foundation,T2,CCRA-011,1,2024,1,
PHL,Philippines,adaptation,PHL-A035,OEF Flood Hazard Score (city screening ensemble),Open Earth Foundation (models/flood_hazard),T2,CCRA-011;CCRA-017,2,2024,1,
PHL,Philippines,adaptation,PHL-A036,OEF Heat Hazard Score (city screening ensemble),Open Earth Foundation (models/heat_hazard),T2,CCRA-026,1,2024,1,
PHL,Philippines,adaptation,PHL-A037,OEF Landslide Hazard Score (city screening ensemble),Open Earth Foundation (models/landslide_hazard),T2,CCRA-022;CCRA-023,2,2024,1,
PHL,Philippines,adaptation,PHL-A038,OEF Flood Risk Score H×E×V (city screening),Open Earth Foundation (flood_risk),T2,CCRA-011;CCRA-017;CCRA-028,3,2024,1,
PHL,Philippines,adaptation,PHL-A039,OEF Heat Risk Score H×E×V (city screening),Open Earth Foundation (heat_risk),T2,CCRA-001;CCRA-026;CCRA-028,3,2024,1,
PHL,Philippines,adaptation,PHL-A040,OEF Landslide Risk Score H×E×V (city screening),Open Earth Foundation (landslide_risk),T2,CCRA-017;CCRA-022;CCRA-023;CCRA-028,4,2024,1,
PHL,Philippines,adaptation,PHL-A041,OEF shared city Exposure score (population density screening),Open Earth Foundation,T2,CCRA-017;CCRA-028,2,2024,1,
PHL,Philippines,adaptation,PHL-A042,OEF shared city Vulnerability score (age/social screening),Open Earth Foundation,T2,CCRA-001;CCRA-020;CCRA-038,3,2024,1,
PHL,Philippines,adaptation,PHL-A043,OEF Flood / Heat / Landslide mechanism-type layers (NbS screening),Open Earth Foundation (nbs_*_mechanism_type),T2,CCRA-011;CCRA-023;CCRA-026;CCRA-039,4,2024,1,
