iso3,country,tier,score,indicators_covered,indicators_missing,missing_indicators,indicators_na,city_ready_indicators,needs_downscaling_indicators,unique_datasets,top_dataset_1,top_dataset_2,top_dataset_3,notes
GBR,United Kingdom,A,94,40,1,CCRA-039,,36,1,37,BGS GeoSure / landslide susceptibility & mass-movement datasets,DESNZ DUKES / Digest of UK Energy Statistics; subnational electricity & gas; WRI power plants,DESNZ Fuel Poverty statistics (England) + devolved fuel poverty measures,EA NaFRA/RoFRS/RoFSW + ONS/IMD LSOA + UKCP18; strongest flood+CC + fuel poverty
MEX,Mexico,A,91,40,1,CCRA-039,,25,6,33,Atlas estatales/municipales de riesgos + CONAGUA puntos críticos de inundación,CENACE / CFE / CRE generation registers + WRI Global Power Plant Database,CENAPRED Atlas Nacional de Riesgos — peligro/vulnerabilidad por inundación + catálogo de inundaciones,INEGI AGEB/manzana + CONEVAL GRS + CENAPRED ANR national flood & landslide
PHL,Philippines,A,90,40,1,CCRA-039,,20,5,43,DOE Power Statistics / Meralco & electric cooperative sales; HECS,DOH National Health Facility Registry / healthsites.io,NIA / DA irrigation service areas + FAO WaPOR,PSA barangay census + Project NOAH + PAGASA CliMap — strongest of early set
AUS,Australia,A,88,40,1,CCRA-039,,30,1,36,ABARES / ABS Agricultural Census + Catchment Scale Land Use (CLUM) / irrigated agriculture layers,ABS ASGS Edition 3 digital boundaries (Mesh Block / SA1 / SA2 / LGA / GCCSA),"ABS Census of Population and Housing 2021 — SA1/SA2 General Community Profiles (age, income, housing, dwellings)",ABS SA1 + SEIFA + AFRIP/state floods + BOM/CCiA; federated flood like CAN
CAN,Canada,A,86,40,1,CCRA-039,,29,2,37,"AAFC / ECCC drought monitoring (CGMS, SPEI/SPI products)",AAFC Annual Crop Inventory + Census of Agriculture,CAN-EWLAT — Canadian Extreme Water Level Adaptation Tool,StatCan DA + NRCan flood susceptibility + ClimateData.ca / CanCoast
CRI,Costa Rica,B,72,40,1,CCRA-039,,27,2,33,AyA / ASADAS / SENARA–SINIGIRH water security & aquifer vulnerability,BCCR / INEC national accounts — agriculture & industry GDP shares,CNE threat layers via SNIT — áreas con potencial a inundación + deslizamientos / mapas de amenaza,CNE/SNIT strong H + IMN; E/V coarser (distrito + cantonal IPM)
ARG,Argentina,B,68,40,1,CCRA-039,,26,6,34,Balance Energético Nacional (BEN) / CAMMESA demand; ENRE–ENARGAS; census energy proxies,CAMMESA / Secretaría de Energía generation & SESCO; WRI Global Power Plant Database,INA / provincial flood hazard & floodplain studies + CABA/AMBA inundación open layers,INDEC radio + NBI solid; federated flood — OEF/JRC heavier outside AMBA
MAR,Morocco,C,52,39,2,CCRA-007; CCRA-039,,23,3,43,Agriculture et pêche — open data MEF / data.gov.ma,Atlas des zones inondables (AZI) — programme national ABH / Intérieur,Atlas des zones inondables — ABH du Tensift (web atlas),HCP RGPH + ABH partial; more global/modeled + OEF dependence
ETH,Ethiopia,C,48,39,1,CCRA-039,CCRA-035,18,6,41,EEU / MoWE electricity access & consumption statistics; Multi-Tier Framework (MTF),ESS / CSA population & housing census + projections (via IMIS / StatBank / HDX COD-PS),"ESS Agricultural Sample Survey (AgSS) — crops, livestock, land use",ESS/COD-PS; landlocked SLR N/A; stronger AFOLU/global fills than city H/E/V
