iso3,country,tier,score,CCRA-001,CCRA-002,CCRA-003,CCRA-004,CCRA-005,CCRA-006,CCRA-007,CCRA-008,CCRA-009,CCRA-010,CCRA-011,CCRA-012,CCRA-013,CCRA-014,CCRA-015,CCRA-016,CCRA-017,CCRA-018,CCRA-019,CCRA-020,CCRA-021,CCRA-022,CCRA-023,CCRA-024,CCRA-025,CCRA-026,CCRA-027,CCRA-028,CCRA-029,CCRA-030,CCRA-031,CCRA-032,CCRA-033,CCRA-034,CCRA-035,CCRA-036,CCRA-037,CCRA-038,CCRA-039,CCRA-040,CCRA-041,notes
GBR,United Kingdom,A,94,3,2,1,1,2,1,1,1,1,4,10,1,1,1,3,1,13,1,2,3,1,4,5,3,3,6,1,7,4,1,1,1,2,1,3,3,2,5,0,1,1,EA NaFRA/RoFRS/RoFSW + ONS/IMD LSOA + UKCP18; strongest flood+CC + fuel poverty
MEX,Mexico,A,91,3,2,1,1,2,1,1,1,2,3,8,1,1,1,3,1,10,1,2,3,1,3,4,2,2,5,1,6,2,1,1,1,2,1,2,3,2,4,0,1,2,INEGI AGEB/manzana + CONEVAL GRS + CENAPRED ANR national flood & landslide
PHL,Philippines,A,90,5,2,1,3,2,1,1,2,1,2,9,1,2,1,4,3,13,2,3,2,1,5,7,3,3,5,2,9,4,1,1,1,2,1,2,2,3,5,0,1,2,PSA barangay census + Project NOAH + PAGASA CliMap — strongest of early set
AUS,Australia,A,88,3,2,1,1,2,1,1,1,2,3,9,1,1,1,3,1,11,1,2,3,1,4,5,3,3,5,1,6,2,1,1,1,2,1,2,3,3,4,0,1,2,ABS SA1 + SEIFA + AFRIP/state floods + BOM/CCiA; federated flood like CAN
CAN,Canada,A,86,4,2,1,1,2,1,1,1,1,3,9,1,1,1,4,2,12,1,2,3,1,4,5,3,2,5,1,7,4,1,1,1,2,1,2,3,2,5,0,1,1,StatCan DA + NRCan flood susceptibility + ClimateData.ca / CanCoast
CRI,Costa Rica,B,72,3,2,1,1,2,1,1,1,2,3,8,1,1,1,3,1,9,1,2,3,1,4,5,2,2,5,1,6,2,1,1,1,2,1,2,3,2,4,0,1,2,CNE/SNIT strong H + IMN; E/V coarser (distrito + cantonal IPM)
ARG,Argentina,B,68,3,2,1,1,2,1,1,1,2,3,8,1,1,1,3,1,10,1,2,3,1,4,5,2,2,5,1,6,2,1,1,1,2,1,2,2,2,4,0,1,2,INDEC radio + NBI solid; federated flood — OEF/JRC heavier outside AMBA
MAR,Morocco,C,52,5,2,2,4,2,1,0,1,2,2,11,3,2,1,4,3,13,1,2,3,1,4,6,2,1,5,2,9,3,1,1,1,2,2,1,2,3,5,0,1,2,HCP RGPH + ABH partial; more global/modeled + OEF dependence
ETH,Ethiopia,C,48,5,2,1,3,2,1,1,2,1,2,10,1,2,1,5,3,11,2,3,2,1,5,7,3,1,5,2,9,1,1,1,1,2,1,0,2,2,5,0,1,2,ESS/COD-PS; landlocked SLR N/A; stronger AFOLU/global fills than city H/E/V
