iso3,country,tier,score,EV_social_status,Flood_status,Landslide_status,Heat_status,Drought_water_status,Precip_status,SLR_coast_status,Food_agri_status,Biodiversity_status,Energy_status,Infra_status,Health_status,notes
GBR,United Kingdom,A,94,26 · mixed,23 · mixed,9 · city-ready,6 · city-ready,8 · mixed,7 · city-ready,7 · city-ready,5 · facility,7 · city-ready,6 · city-ready,3 · facility,1 · facility,EA NaFRA/RoFRS/RoFSW + ONS/IMD LSOA + UKCP18; strongest flood+CC + fuel poverty
MEX,Mexico,A,91,24 · mixed,18 · mixed,7 · city-ready,5 · city-ready,8 · mixed,6 · city-ready,4 · mixed,5 · needs downscaling,7 · city-ready,6 · facility,3 · facility,1 · facility,INEGI AGEB/manzana + CONEVAL GRS + CENAPRED ANR national flood & landslide
PHL,Philippines,A,90,34 · mixed,22 · mixed,12 · city-ready,5 · city-ready,9 · mixed,8 · mixed,6 · city-ready,7 · needs downscaling,9 · city-ready,4 · facility,3 · facility,1 · needs downscaling,PSA barangay census + Project NOAH + PAGASA CliMap — strongest of early set
AUS,Australia,A,88,24 · city-ready,20 · mixed,9 · mixed,5 · city-ready,9 · city-ready,8 · city-ready,4 · mixed,5 · mixed,7 · city-ready,6 · facility,3 · facility,1 · facility,ABS SA1 + SEIFA + AFRIP/state floods + BOM/CCiA; federated flood like CAN
CAN,Canada,A,86,29 · mixed,21 · mixed,9 · mixed,5 · city-ready,8 · city-ready,6 · city-ready,6 · city-ready,5 · mixed,7 · city-ready,5 · facility,3 · facility,1 · needs downscaling,StatCan DA + NRCan flood susceptibility + ClimateData.ca / CanCoast
CRI,Costa Rica,B,72,24 · mixed,17 · mixed,9 · city-ready,5 · city-ready,8 · mixed,6 · city-ready,4 · mixed,5 · needs downscaling,7 · city-ready,6 · facility,3 · facility,1 · facility,CNE/SNIT strong H + IMN; E/V coarser (distrito + cantonal IPM)
ARG,Argentina,B,68,24 · city-ready,18 · mixed,9 · mixed,5 · city-ready,7 · mixed,6 · city-ready,4 · mixed,5 · needs downscaling,7 · city-ready,6 · facility,3 · facility,1 · facility,INDEC radio + NBI solid; federated flood — OEF/JRC heavier outside AMBA
MAR,Morocco,C,52,33 · mixed,24 · mixed,10 · city-ready,5 · city-ready,7 · mixed,6 · mixed,4 · city-ready,11 · needs downscaling,9 · city-ready,5 · facility,4 · facility,missing,HCP RGPH + ABH partial; more global/modeled + OEF dependence
ETH,Ethiopia,C,48,35 · mixed,21 · mixed,12 · mixed,5 · city-ready,9 · mixed,5 · city-ready,1 · facility,7 · needs downscaling,9 · city-ready,4 · facility,3 · facility,1 · needs downscaling,ESS/COD-PS; landlocked SLR N/A; stronger AFOLU/global fills than city H/E/V
