iso3,country,tier,score,subsectors_covered,subsectors_missing,missing_sectors,city_ready_subsectors,needs_downscaling_subsectors,unique_datasets,top_dataset_1,top_dataset_2,top_dataset_3,notes
GBR,United Kingdom,A,93,22,1,I.6,18,2,25,Subnational electricity and gas consumption statistics (LA / MSOA / LSOA),UK local authority and regional greenhouse gas emissions statistics,London Energy and Greenhouse Gas Inventory (LEGGI),Official LA GHG for every authority; strongest city-ready stack
CAN,Canada,A,86,22,1,I.6,11,6,25,BC Community Energy and Emissions Inventory (CEEI),Toronto Sector-Based Emissions Inventory (SBEI) / community GHG inventory,Calgary Community-wide GHG Inventory (Open Calgary),Open facility GHGRP + mature city inventories
AUS,Australia,A,82,22,1,I.6,11,9,25,National Pollutant Inventory (NPI),City of Melbourne Municipal Greenhouse Gas Emissions (open data),ABS Motor Vehicle Census / vehicle registrations,NGER/Safeguard + Snapshot LGA coverage
CRI,Costa Rica,B,74,21,2,I.6; I.7,18,2,25,SINAMECC — Sistema Nacional de Métrica de Cambio Climático (datos abiertos),ARESEP / RECOPE — ventas de hidrocarburos,Programa País Carbono Neutralidad (PPCN) — categoría cantonal,PPCN cantonal GPC program + open fuel/power regulators
ARG,Argentina,B,68,22,1,I.6,10,1,25,Inventario de GEI de la Ciudad de Buenos Aires (IGEI CABA) — GPC,Volúmenes de combustibles — bocas de expendio y despacho (Res. S.E. 1104/2004 y afines),Datos Abiertos Energía (portal datos.gob.ar / datos.energia.gob.ar),Provincial INGEI allocation + CABA GPC; weak outside AMBA
MEX,Mexico,B,64,22,1,I.6,16,2,25,Inventario de Emisiones de la ZMVM / CDMX (SEDEMA) — GEI y contaminantes,Censo Agropecuario / SIAP — estadísticas agropecuarias,"INEGI — parque vehicular, transporte y estadísticas de movilidad",INEGyCEI + ZMVM; RENE microdata not open
PHL,Philippines,B,60,22,1,I.6,7,11,24,Quezon City GHG inventory / Enhanced QC-LCCAP (GPC-based),Meralco distribution sales / annual reports (franchise area),Philippine Ports Authority (PPA) annual & quarterly port statistics,DOE/ports + LGU guidance; VKT/waste/F-gases weak
MAR,Morocco,C,50,22,1,I.6,0,15,30,Statistiques de trafic portuaire national (ANP / Ministère de l’Équipement),Bilans d’activité portuaire Tanger Med,"Statistiques de trafic aérien (passagers, mouvements) par aéroport",Solid national/operators; thin city meters/VKT/waste
ETH,Ethiopia,C,45,20,3,I.6; I.7; II.3,14,6,25,Addis Ababa GHG Emissions Inventory 2016 (GPC / C40 CIRIS),Agricultural Sample Survey — Livestock and Livestock Characteristics,Agricultural Sample Survey — Area and Production of Major Crops / Land Utilization / Farm Management,Strong AFOLU; weak city retail energy/transport/waste
