iso3,country,tier,score,I.1,I.2,I.3,I.4,I.5,I.6,I.7,I.8,II.1,II.2,II.3,II.4,II.5,III.1,III.2,III.3,III.4,IV.1,IV.2,V.1,V.2,V.3,VI.1,notes
GBR,United Kingdom,A,93,9,9,12,13,5,0,1,6,11,5,5,5,3,9,3,4,6,7,4,6,9,5,3,Official LA GHG for every authority; strongest city-ready stack
CAN,Canada,A,86,9,8,12,11,3,0,1,5,10,3,4,4,2,8,2,3,5,6,3,4,7,4,2,Open facility GHGRP + mature city inventories
AUS,Australia,A,82,10,9,13,14,4,0,2,7,11,6,6,6,4,9,3,4,7,8,5,5,8,5,3,NGER/Safeguard + Snapshot LGA coverage
CRI,Costa Rica,B,74,10,10,11,10,4,0,0,2,11,4,5,6,2,7,2,2,4,6,3,6,8,4,2,PPCN cantonal GPC program + open fuel/power regulators
ARG,Argentina,B,68,11,11,12,11,4,0,2,7,11,4,5,5,3,8,5,3,5,4,3,5,7,5,1,Provincial INGEI allocation + CABA GPC; weak outside AMBA
MEX,Mexico,B,64,11,11,13,15,3,0,1,7,12,4,4,4,3,9,3,3,6,5,4,6,6,4,2,INEGyCEI + ZMVM; RENE microdata not open
PHL,Philippines,B,60,10,6,10,7,3,0,3,3,8,3,4,4,2,6,2,2,4,5,1,6,7,5,1,DOE/ports + city inventories; VKT/waste/F-gases weak
MAR,Morocco,C,50,11,10,11,10,5,0,1,2,11,3,5,4,1,5,1,1,5,5,1,6,7,6,2,Solid national/operators; thin city meters/VKT/waste
ETH,Ethiopia,C,45,10,5,8,11,6,0,0,1,8,4,0,5,1,6,2,2,4,6,1,8,10,9,4,Strong AFOLU; weak city retail energy/transport/waste
