iso3,country,tier,score,related_gpc_sector,sector_name,dataset_count,coverage_status,best_granularity_class,best_granularity_label,needs_city_downscaling,top_dataset_1,top_dataset_1_id,top_dataset_2,top_dataset_3
GBR,United Kingdom,A,93,I.1,Residential buildings,9,covered,neighborhood_or_small_area,Neighborhood / small area (city-ready),no,Subnational electricity and gas consumption statistics (LA / MSOA / LSOA),GBR-003,UK local authority and regional greenhouse gas emissions statistics,London Energy and Greenhouse Gas Inventory (LEGGI)
GBR,United Kingdom,A,93,I.2,Commercial & institutional buildings,9,covered,neighborhood_or_small_area,Neighborhood / small area (city-ready),no,Subnational electricity and gas consumption statistics (LA / MSOA / LSOA),GBR-003,UK local authority and regional greenhouse gas emissions statistics,London Energy and Greenhouse Gas Inventory (LEGGI)
GBR,United Kingdom,A,93,I.3,Manufacturing industries & construction,12,covered,neighborhood_or_small_area,Neighborhood / small area (city-ready),no,Subnational electricity and gas consumption statistics (LA / MSOA / LSOA),GBR-003,UK local authority and regional greenhouse gas emissions statistics,London Energy and Greenhouse Gas Inventory (LEGGI)
GBR,United Kingdom,A,93,I.4,Energy industries,13,covered,neighborhood_or_small_area,Neighborhood / small area (city-ready),no,Subnational electricity and gas consumption statistics (LA / MSOA / LSOA),GBR-003,UK local authority and regional greenhouse gas emissions statistics,London Energy and Greenhouse Gas Inventory (LEGGI)
GBR,United Kingdom,A,93,I.5,"Agriculture, forestry & fishing energy",5,covered,city_or_municipality,City / municipality (city-ready),no,UK local authority and regional greenhouse gas emissions statistics,GBR-002,Subnational total final energy / residual fuels consumption (non-gas non-electricity),UK Greenhouse Gas Inventory / National Inventory Document (NID)
GBR,United Kingdom,A,93,I.6,Non-specified sources,0,missing,unknown,Unknown,n/a,,,,
GBR,United Kingdom,A,93,I.7,"Fugitive emissions from mining, processing, storage & transport of coal",1,covered,state_or_province,State / province (needs downscaling to city),yes,UK Greenhouse Gas Inventory / National Inventory Document (NID),GBR-001,,
GBR,United Kingdom,A,93,I.8,Fugitive emissions from oil & natural gas systems,6,covered,city_or_municipality,City / municipality (city-ready),no,UK local authority and regional greenhouse gas emissions statistics,GBR-002,Environment Agency Pollution Inventory / UK PRTR facility emissions,NAEI point sources and gridded emissions
GBR,United Kingdom,A,93,II.1,On-road transportation,11,covered,city_or_municipality,City / municipality (city-ready),no,UK local authority and regional greenhouse gas emissions statistics,GBR-002,Road traffic estimates by local authority (TRA89) + vehicle licensing statistics,UK road transport fuel consumption at regional and local authority level
GBR,United Kingdom,A,93,II.2,Railways,5,covered,city_or_municipality,City / municipality (city-ready),no,UK local authority and regional greenhouse gas emissions statistics,GBR-002,London Energy and Greenhouse Gas Inventory (LEGGI),UK Greenhouse Gas Inventory / National Inventory Document (NID)
GBR,United Kingdom,A,93,II.3,Waterborne navigation,5,covered,state_or_province,State / province (needs downscaling to city),yes,UK Greenhouse Gas Inventory / National Inventory Document (NID),GBR-001,Greenhouse gas reporting conversion factors (company reporting),DfT maritime / port freight statistics + shipping activity
GBR,United Kingdom,A,93,II.4,Aviation,5,covered,facility_or_asset,Facility / asset (point sources in cities),no,CAA airport / UK aviation statistics,GBR-012,UK Greenhouse Gas Inventory / National Inventory Document (NID),Greenhouse gas reporting conversion factors (company reporting)
GBR,United Kingdom,A,93,II.5,Off-road transportation,3,covered,facility_or_asset,Facility / asset (point sources in cities),no,Environment Agency Pollution Inventory / UK PRTR facility emissions,GBR-006,UK Greenhouse Gas Inventory / National Inventory Document (NID),Greenhouse gas reporting conversion factors (company reporting)
GBR,United Kingdom,A,93,III.1,Solid waste disposal,9,covered,city_or_municipality,City / municipality (city-ready),no,UK local authority and regional greenhouse gas emissions statistics,GBR-002,WasteDataFlow / local authority collected waste management statistics,London Energy and Greenhouse Gas Inventory (LEGGI)
GBR,United Kingdom,A,93,III.2,Biological treatment of waste,3,covered,city_or_municipality,City / municipality (city-ready),no,UK local authority and regional greenhouse gas emissions statistics,GBR-002,WasteDataFlow / local authority collected waste management statistics,UK Greenhouse Gas Inventory / National Inventory Document (NID)
GBR,United Kingdom,A,93,III.3,Incineration & open burning,4,covered,city_or_municipality,City / municipality (city-ready),no,UK local authority and regional greenhouse gas emissions statistics,GBR-002,WasteDataFlow / local authority collected waste management statistics,Environment Agency Pollution Inventory / UK PRTR facility emissions
GBR,United Kingdom,A,93,III.4,Wastewater treatment & discharge,6,covered,city_or_municipality,City / municipality (city-ready),no,UK local authority and regional greenhouse gas emissions statistics,GBR-002,London Energy and Greenhouse Gas Inventory (LEGGI),Environment Agency Pollution Inventory / UK PRTR facility emissions
GBR,United Kingdom,A,93,IV.1,Industrial processes,7,covered,city_or_municipality,City / municipality (city-ready),no,UK local authority and regional greenhouse gas emissions statistics,GBR-002,London Energy and Greenhouse Gas Inventory (LEGGI),Environment Agency Pollution Inventory / UK PRTR facility emissions
GBR,United Kingdom,A,93,IV.2,Product use,4,covered,city_or_municipality,City / municipality (city-ready),no,London Energy and Greenhouse Gas Inventory (LEGGI),GBR-017,UK Greenhouse Gas Inventory / National Inventory Document (NID),Greenhouse gas reporting conversion factors (company reporting)
GBR,United Kingdom,A,93,V.1,Livestock,6,covered,city_or_municipality,City / municipality (city-ready),no,UK local authority and regional greenhouse gas emissions statistics,GBR-002,London Energy and Greenhouse Gas Inventory (LEGGI),NAEI point sources and gridded emissions
GBR,United Kingdom,A,93,V.2,Land,9,covered,city_or_municipality,City / municipality (city-ready),no,UK local authority and regional greenhouse gas emissions statistics,GBR-002,LULUCF emissions and removals at local authority level (UKCEH / DESNZ),London Energy and Greenhouse Gas Inventory (LEGGI)
GBR,United Kingdom,A,93,V.3,Aggregate sources & non-CO₂ emissions sources on land,5,covered,city_or_municipality,City / municipality (city-ready),no,UK local authority and regional greenhouse gas emissions statistics,GBR-002,LULUCF emissions and removals at local authority level (UKCEH / DESNZ),UK Greenhouse Gas Inventory / National Inventory Document (NID)
GBR,United Kingdom,A,93,VI.1,Other Scope 3,3,covered,city_or_municipality,City / municipality (city-ready),no,London Energy and Greenhouse Gas Inventory (LEGGI),GBR-017,Greenhouse gas reporting conversion factors (company reporting),ONS UK Environmental Accounts (energy & GHG)
CAN,Canada,A,86,I.1,Residential buildings,9,covered,city_or_municipality,City / municipality (city-ready),no,BC Community Energy and Emissions Inventory (CEEI),CAN-010,Toronto Sector-Based Emissions Inventory (SBEI) / community GHG inventory,Calgary Community-wide GHG Inventory (Open Calgary)
CAN,Canada,A,86,I.2,Commercial & institutional buildings,8,covered,city_or_municipality,City / municipality (city-ready),no,BC Community Energy and Emissions Inventory (CEEI),CAN-010,Toronto Sector-Based Emissions Inventory (SBEI) / community GHG inventory,Calgary Community-wide GHG Inventory (Open Calgary)
CAN,Canada,A,86,I.3,Manufacturing industries & construction,12,covered,city_or_municipality,City / municipality (city-ready),no,BC Community Energy and Emissions Inventory (CEEI),CAN-010,Toronto Sector-Based Emissions Inventory (SBEI) / community GHG inventory,Calgary Community-wide GHG Inventory (Open Calgary)
CAN,Canada,A,86,I.4,Energy industries,11,covered,city_or_municipality,City / municipality (city-ready),no,Toronto Sector-Based Emissions Inventory (SBEI) / community GHG inventory,CAN-011,Greenhouse Gas Reporting Program (GHGRP) facility emissions,Canada's Official Greenhouse Gas Inventory / National Inventory Report (NIR)
CAN,Canada,A,86,I.5,"Agriculture, forestry & fishing energy",3,covered,state_or_province,State / province (needs downscaling to city),yes,Canada's Official Greenhouse Gas Inventory / National Inventory Report (NIR),CAN-001,Census of Agriculture (incl. geodata products),Report on Energy Supply and Demand in Canada (RESD) / energy tables
CAN,Canada,A,86,I.6,Non-specified sources,0,missing,unknown,Unknown,n/a,,,,
CAN,Canada,A,86,I.7,"Fugitive emissions from mining, processing, storage & transport of coal",1,covered,state_or_province,State / province (needs downscaling to city),yes,Canada's Official Greenhouse Gas Inventory / National Inventory Report (NIR),CAN-001,,
CAN,Canada,A,86,I.8,Fugitive emissions from oil & natural gas systems,5,covered,facility_or_asset,Facility / asset (point sources in cities),no,Greenhouse Gas Reporting Program (GHGRP) facility emissions,CAN-002,Canada's Official Greenhouse Gas Inventory / National Inventory Report (NIR),CER pipeline throughput & capacity / energy system data
CAN,Canada,A,86,II.1,On-road transportation,10,covered,city_or_municipality,City / municipality (city-ready),no,BC Community Energy and Emissions Inventory (CEEI),CAN-010,Toronto Sector-Based Emissions Inventory (SBEI) / community GHG inventory,Calgary Community-wide GHG Inventory (Open Calgary)
CAN,Canada,A,86,II.2,Railways,3,covered,city_or_municipality,City / municipality (city-ready),no,Toronto Sector-Based Emissions Inventory (SBEI) / community GHG inventory,CAN-011,Canada's Official Greenhouse Gas Inventory / National Inventory Report (NIR),StatCan rail / marine transport statistics
CAN,Canada,A,86,II.3,Waterborne navigation,4,covered,state_or_province,State / province (needs downscaling to city),yes,Canada's Official Greenhouse Gas Inventory / National Inventory Report (NIR),CAN-001,StatCan rail / marine transport statistics,EDGAR GHG gridded & cities emissions
CAN,Canada,A,86,II.4,Aviation,4,covered,facility_or_asset,Facility / asset (point sources in cities),no,StatCan air carrier / airport traffic statistics,CAN-015,Canada's Official Greenhouse Gas Inventory / National Inventory Report (NIR),EDGAR GHG gridded & cities emissions
CAN,Canada,A,86,II.5,Off-road transportation,2,covered,facility_or_asset,Facility / asset (point sources in cities),no,Greenhouse Gas Reporting Program (GHGRP) facility emissions,CAN-002,Canada's Official Greenhouse Gas Inventory / National Inventory Report (NIR),
CAN,Canada,A,86,III.1,Solid waste disposal,8,covered,city_or_municipality,City / municipality (city-ready),no,BC Community Energy and Emissions Inventory (CEEI),CAN-010,Toronto Sector-Based Emissions Inventory (SBEI) / community GHG inventory,Calgary Community-wide GHG Inventory (Open Calgary)
CAN,Canada,A,86,III.2,Biological treatment of waste,2,covered,facility_or_asset,Facility / asset (point sources in cities),no,Waste Management Survey / solid waste statistics (StatCan) + landfill reporters in GHGRP,CAN-017,Canada's Official Greenhouse Gas Inventory / National Inventory Report (NIR),
CAN,Canada,A,86,III.3,Incineration & open burning,3,covered,facility_or_asset,Facility / asset (point sources in cities),no,Waste Management Survey / solid waste statistics (StatCan) + landfill reporters in GHGRP,CAN-017,National Pollutant Release Inventory (NPRI),Canada's Official Greenhouse Gas Inventory / National Inventory Report (NIR)
CAN,Canada,A,86,III.4,Wastewater treatment & discharge,5,covered,city_or_municipality,City / municipality (city-ready),no,Toronto Sector-Based Emissions Inventory (SBEI) / community GHG inventory,CAN-011,Calgary Community-wide GHG Inventory (Open Calgary),Greenhouse Gas Reporting Program (GHGRP) facility emissions
CAN,Canada,A,86,IV.1,Industrial processes,6,covered,city_or_municipality,City / municipality (city-ready),no,Toronto Sector-Based Emissions Inventory (SBEI) / community GHG inventory,CAN-011,Greenhouse Gas Reporting Program (GHGRP) facility emissions,National Pollutant Release Inventory (NPRI)
CAN,Canada,A,86,IV.2,Product use,3,covered,city_or_municipality,City / municipality (city-ready),no,Toronto Sector-Based Emissions Inventory (SBEI) / community GHG inventory,CAN-011,Canada's Official Greenhouse Gas Inventory / National Inventory Report (NIR),HFC / refrigeration product-use statistics (NIR IPPU + Environment Canada ODS/HFC reporting context)
CAN,Canada,A,86,V.1,Livestock,4,covered,state_or_province,State / province (needs downscaling to city),yes,Canada's Official Greenhouse Gas Inventory / National Inventory Report (NIR),CAN-001,Census of Agriculture (incl. geodata products),EDGAR GHG gridded & cities emissions
CAN,Canada,A,86,V.2,Land,7,covered,city_or_municipality,City / municipality (city-ready),no,BC Community Energy and Emissions Inventory (CEEI),CAN-010,Canada's Official Greenhouse Gas Inventory / National Inventory Report (NIR),Census of Agriculture (incl. geodata products)
CAN,Canada,A,86,V.3,Aggregate sources & non-CO₂ emissions sources on land,4,covered,state_or_province,State / province (needs downscaling to city),yes,Canada's Official Greenhouse Gas Inventory / National Inventory Report (NIR),CAN-001,Census of Agriculture (incl. geodata products),EDGAR GHG gridded & cities emissions
CAN,Canada,A,86,VI.1,Other Scope 3,2,covered,national,National only (needs downscaling to city),yes,Canadian System of Environmental-Economic Accounts — energy use & GHG (SEEA PFA),CAN-003,Households and the Environment Survey / Survey of Household Spending (energy modules),
AUS,Australia,A,82,I.1,Residential buildings,10,covered,neighborhood_or_small_area,Neighborhood / small area (city-ready),no,City of Melbourne Municipal Greenhouse Gas Emissions (open data),AUS-016,State and Territory Greenhouse Gas Inventories,National Greenhouse Accounts Factors
AUS,Australia,A,82,I.2,Commercial & institutional buildings,9,covered,neighborhood_or_small_area,Neighborhood / small area (city-ready),no,City of Melbourne Municipal Greenhouse Gas Emissions (open data),AUS-016,State and Territory Greenhouse Gas Inventories,National Greenhouse Accounts Factors
AUS,Australia,A,82,I.3,Manufacturing industries & construction,13,covered,neighborhood_or_small_area,Neighborhood / small area (city-ready),no,National Pollutant Inventory (NPI),AUS-014,City of Melbourne Municipal Greenhouse Gas Emissions (open data),National Greenhouse and Energy Reporting (NGER) — corporate & electricity facility data
AUS,Australia,A,82,I.4,Energy industries,14,covered,city_or_municipality,City / municipality (city-ready),no,City of Melbourne Municipal Greenhouse Gas Emissions (open data),AUS-016,National Greenhouse and Energy Reporting (NGER) — corporate & electricity facility data,"AEMO NEM / electricity market data (generation, demand, carbon intensity products)"
AUS,Australia,A,82,I.5,"Agriculture, forestry & fishing energy",4,covered,state_or_province,State / province (needs downscaling to city),yes,State and Territory Greenhouse Gas Inventories,AUS-002,Australian Energy Statistics / Australian Energy Update,ABS Agricultural Census / ABARES agricultural statistics
AUS,Australia,A,82,I.6,Non-specified sources,0,missing,unknown,Unknown,n/a,,,,
AUS,Australia,A,82,I.7,"Fugitive emissions from mining, processing, storage & transport of coal",2,covered,state_or_province,State / province (needs downscaling to city),yes,State and Territory Greenhouse Gas Inventories,AUS-002,Australia's National Greenhouse Accounts / National Inventory Report (NIR),
AUS,Australia,A,82,I.8,Fugitive emissions from oil & natural gas systems,7,covered,facility_or_asset,Facility / asset (point sources in cities),no,National Greenhouse and Energy Reporting (NGER) — corporate & electricity facility data,AUS-003,Safeguard Mechanism facility emissions (CER),State and Territory Greenhouse Gas Inventories
AUS,Australia,A,82,II.1,On-road transportation,11,covered,city_or_municipality,City / municipality (city-ready),no,ABS Motor Vehicle Census / vehicle registrations,AUS-009,City of Melbourne Municipal Greenhouse Gas Emissions (open data),State and Territory Greenhouse Gas Inventories
AUS,Australia,A,82,II.2,Railways,6,covered,city_or_municipality,City / municipality (city-ready),no,City of Melbourne Municipal Greenhouse Gas Emissions (open data),AUS-016,State and Territory Greenhouse Gas Inventories,National Greenhouse Accounts Factors
AUS,Australia,A,82,II.3,Waterborne navigation,6,covered,state_or_province,State / province (needs downscaling to city),yes,State and Territory Greenhouse Gas Inventories,AUS-002,National Greenhouse Accounts Factors,BITRE Australian Infrastructure and Transport Statistics Yearbook (road/rail/aviation/maritime)
AUS,Australia,A,82,II.4,Aviation,6,covered,state_or_province,State / province (needs downscaling to city),yes,State and Territory Greenhouse Gas Inventories,AUS-002,National Greenhouse Accounts Factors,BITRE Australian Infrastructure and Transport Statistics Yearbook (road/rail/aviation/maritime)
AUS,Australia,A,82,II.5,Off-road transportation,4,covered,facility_or_asset,Facility / asset (point sources in cities),no,National Greenhouse and Energy Reporting (NGER) — corporate & electricity facility data,AUS-003,State and Territory Greenhouse Gas Inventories,National Greenhouse Accounts Factors
AUS,Australia,A,82,III.1,Solid waste disposal,9,covered,city_or_municipality,City / municipality (city-ready),no,National Waste and Resource Recovery Database / Report,AUS-010,City of Melbourne Municipal Greenhouse Gas Emissions (open data),National Greenhouse and Energy Reporting (NGER) — corporate & electricity facility data
AUS,Australia,A,82,III.2,Biological treatment of waste,3,covered,city_or_municipality,City / municipality (city-ready),no,National Waste and Resource Recovery Database / Report,AUS-010,State and Territory Greenhouse Gas Inventories,Australia's National Greenhouse Accounts / National Inventory Report (NIR)
AUS,Australia,A,82,III.3,Incineration & open burning,4,covered,neighborhood_or_small_area,Neighborhood / small area (city-ready),no,National Pollutant Inventory (NPI),AUS-014,National Waste and Resource Recovery Database / Report,State and Territory Greenhouse Gas Inventories
AUS,Australia,A,82,III.4,Wastewater treatment & discharge,7,covered,city_or_municipality,City / municipality (city-ready),no,City of Melbourne Municipal Greenhouse Gas Emissions (open data),AUS-016,National Greenhouse and Energy Reporting (NGER) — corporate & electricity facility data,State and Territory Greenhouse Gas Inventories
AUS,Australia,A,82,IV.1,Industrial processes,8,covered,neighborhood_or_small_area,Neighborhood / small area (city-ready),no,National Pollutant Inventory (NPI),AUS-014,National Greenhouse and Energy Reporting (NGER) — corporate & electricity facility data,Safeguard Mechanism facility emissions (CER)
AUS,Australia,A,82,IV.2,Product use,5,covered,state_or_province,State / province (needs downscaling to city),yes,State and Territory Greenhouse Gas Inventories,AUS-002,National Greenhouse Accounts Factors,Australia's National Greenhouse Accounts / National Inventory Report (NIR)
AUS,Australia,A,82,V.1,Livestock,5,covered,state_or_province,State / province (needs downscaling to city),yes,State and Territory Greenhouse Gas Inventories,AUS-002,ABS Agricultural Census / ABARES agricultural statistics,Australia's National Greenhouse Accounts / National Inventory Report (NIR)
AUS,Australia,A,82,V.2,Land,8,covered,state_or_province,State / province (needs downscaling to city),yes,State and Territory Greenhouse Gas Inventories,AUS-002,ABS Agricultural Census / ABARES agricultural statistics,Australia's State of the Forests / ABARES forest statistics
AUS,Australia,A,82,V.3,Aggregate sources & non-CO₂ emissions sources on land,5,covered,state_or_province,State / province (needs downscaling to city),yes,State and Territory Greenhouse Gas Inventories,AUS-002,ABS Agricultural Census / ABARES agricultural statistics,Australia's National Greenhouse Accounts / National Inventory Report (NIR)
AUS,Australia,A,82,VI.1,Other Scope 3,3,covered,state_or_province,State / province (needs downscaling to city),yes,National Greenhouse Accounts Factors,AUS-004,Household energy surveys / ABS household consumption modules,"Energy Account, Australia (ABS)"
CRI,Costa Rica,B,74,I.1,Residential buildings,10,covered,city_or_municipality,City / municipality (city-ready),no,SINAMECC — Sistema Nacional de Métrica de Cambio Climático (datos abiertos),CRI-002,ARESEP / RECOPE — ventas de hidrocarburos,Programa País Carbono Neutralidad (PPCN) — categoría cantonal
CRI,Costa Rica,B,74,I.2,Commercial & institutional buildings,10,covered,city_or_municipality,City / municipality (city-ready),no,SINAMECC — Sistema Nacional de Métrica de Cambio Climático (datos abiertos),CRI-002,ARESEP / RECOPE — ventas de hidrocarburos,Programa País Carbono Neutralidad (PPCN) — categoría cantonal
CRI,Costa Rica,B,74,I.3,Manufacturing industries & construction,11,covered,city_or_municipality,City / municipality (city-ready),no,SINAMECC — Sistema Nacional de Métrica de Cambio Climático (datos abiertos),CRI-002,ARESEP / RECOPE — ventas de hidrocarburos,Programa País Carbono Neutralidad (PPCN) — categoría cantonal
CRI,Costa Rica,B,74,I.4,Energy industries,10,covered,city_or_municipality,City / municipality (city-ready),no,SINAMECC — Sistema Nacional de Métrica de Cambio Climático (datos abiertos),CRI-002,Programa País Carbono Neutralidad (PPCN) — categoría cantonal,Inventario Nacional de Gases de Efecto Invernadero (INGEI) — IMN/DCC
CRI,Costa Rica,B,74,I.5,"Agriculture, forestry & fishing energy",4,covered,city_or_municipality,City / municipality (city-ready),no,ARESEP / RECOPE — ventas de hidrocarburos,CRI-005,INEC — Encuesta Nacional Agropecuaria (ENA) y estadísticas agropecuarias,Inventario Nacional de Gases de Efecto Invernadero (INGEI) — IMN/DCC
CRI,Costa Rica,B,74,I.6,Non-specified sources,0,missing,unknown,Unknown,n/a,,,,
CRI,Costa Rica,B,74,I.7,"Fugitive emissions from mining, processing, storage & transport of coal",0,missing,unknown,Unknown,n/a,,,,
CRI,Costa Rica,B,74,I.8,Fugitive emissions from oil & natural gas systems,2,covered,national,National only (needs downscaling to city),yes,Inventario Nacional de Gases de Efecto Invernadero (INGEI) — IMN/DCC,CRI-001,Fugitivas de distribución de combustibles/GLP (INGEI + ARESEP gas),
CRI,Costa Rica,B,74,II.1,On-road transportation,11,covered,city_or_municipality,City / municipality (city-ready),no,SINAMECC — Sistema Nacional de Métrica de Cambio Climático (datos abiertos),CRI-002,ARESEP / RECOPE — ventas de hidrocarburos,Programa País Carbono Neutralidad (PPCN) — categoría cantonal
CRI,Costa Rica,B,74,II.2,Railways,4,covered,city_or_municipality,City / municipality (city-ready),no,Programa País Carbono Neutralidad (PPCN) — categoría cantonal,CRI-007,MOPT — Anuario de tránsito / conteos vehiculares y anuario sector transportes,Inventario Nacional de Gases de Efecto Invernadero (INGEI) — IMN/DCC
CRI,Costa Rica,B,74,II.3,Waterborne navigation,5,covered,facility_or_asset,Facility / asset (point sources in cities),no,MOPT — Anuario de tránsito / conteos vehiculares y anuario sector transportes,CRI-011,DGAC / INCOP — aviación civil y puertos,Inventario Nacional de Gases de Efecto Invernadero (INGEI) — IMN/DCC
CRI,Costa Rica,B,74,II.4,Aviation,6,covered,city_or_municipality,City / municipality (city-ready),no,ARESEP / RECOPE — ventas de hidrocarburos,CRI-005,MOPT — Anuario de tránsito / conteos vehiculares y anuario sector transportes,DGAC / INCOP — aviación civil y puertos
CRI,Costa Rica,B,74,II.5,Off-road transportation,2,covered,city_or_municipality,City / municipality (city-ready),no,ARESEP / RECOPE — ventas de hidrocarburos,CRI-005,Inventario Nacional de Gases de Efecto Invernadero (INGEI) — IMN/DCC,
CRI,Costa Rica,B,74,III.1,Solid waste disposal,7,covered,city_or_municipality,City / municipality (city-ready),no,SINAMECC — Sistema Nacional de Métrica de Cambio Climático (datos abiertos),CRI-002,Programa País Carbono Neutralidad (PPCN) — categoría cantonal,Inventario Nacional de Gases de Efecto Invernadero (INGEI) — IMN/DCC
CRI,Costa Rica,B,74,III.2,Biological treatment of waste,2,covered,city_or_municipality,City / municipality (city-ready),no,Inventario Nacional de Gases de Efecto Invernadero (INGEI) — IMN/DCC,CRI-001,Ministerio de Salud / municipalidades — residuos sólidos (PNGIR / datos municipales),
CRI,Costa Rica,B,74,III.3,Incineration & open burning,2,covered,city_or_municipality,City / municipality (city-ready),no,Inventario Nacional de Gases de Efecto Invernadero (INGEI) — IMN/DCC,CRI-001,Ministerio de Salud / municipalidades — residuos sólidos (PNGIR / datos municipales),
CRI,Costa Rica,B,74,III.4,Wastewater treatment & discharge,4,covered,city_or_municipality,City / municipality (city-ready),no,Programa País Carbono Neutralidad (PPCN) — categoría cantonal,CRI-007,Inventario Nacional de Gases de Efecto Invernadero (INGEI) — IMN/DCC,AyA / ASADAS — agua potable y saneamiento / aguas residuales
CRI,Costa Rica,B,74,IV.1,Industrial processes,6,covered,city_or_municipality,City / municipality (city-ready),no,SINAMECC — Sistema Nacional de Métrica de Cambio Climático (datos abiertos),CRI-002,Programa País Carbono Neutralidad (PPCN) — categoría cantonal,Inventario Nacional de Gases de Efecto Invernadero (INGEI) — IMN/DCC
CRI,Costa Rica,B,74,IV.2,Product use,3,covered,city_or_municipality,City / municipality (city-ready),no,Programa País Carbono Neutralidad (PPCN) — categoría cantonal,CRI-007,Inventario Nacional de Gases de Efecto Invernadero (INGEI) — IMN/DCC,F-gases / uso de productos (INGEI IPPU)
CRI,Costa Rica,B,74,V.1,Livestock,6,covered,city_or_municipality,City / municipality (city-ready),no,SINAMECC — Sistema Nacional de Métrica de Cambio Climático (datos abiertos),CRI-002,Programa País Carbono Neutralidad (PPCN) — categoría cantonal,INEC — Encuesta Nacional Agropecuaria (ENA) y estadísticas agropecuarias
CRI,Costa Rica,B,74,V.2,Land,8,covered,city_or_municipality,City / municipality (city-ready),no,SINAMECC — Sistema Nacional de Métrica de Cambio Climático (datos abiertos),CRI-002,Programa País Carbono Neutralidad (PPCN) — categoría cantonal,INEC — Encuesta Nacional Agropecuaria (ENA) y estadísticas agropecuarias
CRI,Costa Rica,B,74,V.3,Aggregate sources & non-CO₂ emissions sources on land,4,covered,state_or_province,State / province (needs downscaling to city),yes,INEC — Encuesta Nacional Agropecuaria (ENA) y estadísticas agropecuarias,CRI-009,Inventario Nacional de Gases de Efecto Invernadero (INGEI) — IMN/DCC,EDGAR GHG gridded & cities emissions
CRI,Costa Rica,B,74,VI.1,Other Scope 3,2,covered,city_or_municipality,City / municipality (city-ready),no,SINAMECC — Sistema Nacional de Métrica de Cambio Climático (datos abiertos),CRI-002,BCCR — Cuenta de Energía (flujos físicos),
ARG,Argentina,B,68,I.1,Residential buildings,11,covered,city_or_municipality,City / municipality (city-ready),no,Inventario de GEI de la Ciudad de Buenos Aires (IGEI CABA) — GPC,ARG-013,Volúmenes de combustibles — bocas de expendio y despacho (Res. S.E. 1104/2004 y afines),Datos Abiertos Energía (portal datos.gob.ar / datos.energia.gob.ar)
ARG,Argentina,B,68,I.2,Commercial & institutional buildings,11,covered,city_or_municipality,City / municipality (city-ready),no,Inventario de GEI de la Ciudad de Buenos Aires (IGEI CABA) — GPC,ARG-013,Volúmenes de combustibles — bocas de expendio y despacho (Res. S.E. 1104/2004 y afines),Datos Abiertos Energía (portal datos.gob.ar / datos.energia.gob.ar)
ARG,Argentina,B,68,I.3,Manufacturing industries & construction,12,covered,city_or_municipality,City / municipality (city-ready),no,Inventario de GEI de la Ciudad de Buenos Aires (IGEI CABA) — GPC,ARG-013,Volúmenes de combustibles — bocas de expendio y despacho (Res. S.E. 1104/2004 y afines),Datos Abiertos Energía (portal datos.gob.ar / datos.energia.gob.ar)
ARG,Argentina,B,68,I.4,Energy industries,11,covered,city_or_municipality,City / municipality (city-ready),no,Inventario de GEI de la Ciudad de Buenos Aires (IGEI CABA) — GPC,ARG-013,SESCO / estadísticas de hidrocarburos (producción petróleo y gas),Datos Abiertos Energía (portal datos.gob.ar / datos.energia.gob.ar)
ARG,Argentina,B,68,I.5,"Agriculture, forestry & fishing energy",4,covered,other_or_mixed,Mixed / other,no,Asignación por jurisdicción del INGEI (desagregación provincial),ARG-002,Inventario Nacional de Gases de Efecto Invernadero (INGEI) / Informe Nacional de Inventario (INI),Balance Energético Nacional (BEN)
ARG,Argentina,B,68,I.6,Non-specified sources,0,missing,unknown,Unknown,n/a,,,,
ARG,Argentina,B,68,I.7,"Fugitive emissions from mining, processing, storage & transport of coal",2,covered,other_or_mixed,Mixed / other,no,Asignación por jurisdicción del INGEI (desagregación provincial),ARG-002,Inventario Nacional de Gases de Efecto Invernadero (INGEI) / Informe Nacional de Inventario (INI),
ARG,Argentina,B,68,I.8,Fugitive emissions from oil & natural gas systems,7,covered,city_or_municipality,City / municipality (city-ready),no,Inventario de GEI de la Ciudad de Buenos Aires (IGEI CABA) — GPC,ARG-013,SESCO / estadísticas de hidrocarburos (producción petróleo y gas),Datos Abiertos Energía (portal datos.gob.ar / datos.energia.gob.ar)
ARG,Argentina,B,68,II.1,On-road transportation,11,covered,city_or_municipality,City / municipality (city-ready),no,Inventario de GEI de la Ciudad de Buenos Aires (IGEI CABA) — GPC,ARG-013,Volúmenes de combustibles — bocas de expendio y despacho (Res. S.E. 1104/2004 y afines),Datos Abiertos Energía (portal datos.gob.ar / datos.energia.gob.ar)
ARG,Argentina,B,68,II.2,Railways,4,covered,city_or_municipality,City / municipality (city-ready),no,Inventario de GEI de la Ciudad de Buenos Aires (IGEI CABA) — GPC,ARG-013,Asignación por jurisdicción del INGEI (desagregación provincial),Inventario Nacional de Gases de Efecto Invernadero (INGEI) / Informe Nacional de Inventario (INI)
ARG,Argentina,B,68,II.3,Waterborne navigation,5,covered,other_or_mixed,Mixed / other,no,Asignación por jurisdicción del INGEI (desagregación provincial),ARG-002,Inventario Nacional de Gases de Efecto Invernadero (INGEI) / Informe Nacional de Inventario (INI),Estadísticas portuarias / fluvial-marítima (AGP y Ministerio de Transporte)
ARG,Argentina,B,68,II.4,Aviation,5,covered,facility_or_asset,Facility / asset (point sources in cities),no,ANAC / estadísticas aeroportuarias y aviación,ARG-015,Asignación por jurisdicción del INGEI (desagregación provincial),Inventario Nacional de Gases de Efecto Invernadero (INGEI) / Informe Nacional de Inventario (INI)
ARG,Argentina,B,68,II.5,Off-road transportation,3,covered,facility_or_asset,Facility / asset (point sources in cities),no,Volúmenes de combustibles — bocas de expendio y despacho (Res. S.E. 1104/2004 y afines),ARG-007,Asignación por jurisdicción del INGEI (desagregación provincial),Inventario Nacional de Gases de Efecto Invernadero (INGEI) / Informe Nacional de Inventario (INI)
ARG,Argentina,B,68,III.1,Solid waste disposal,8,covered,city_or_municipality,City / municipality (city-ready),no,Inventario de GEI de la Ciudad de Buenos Aires (IGEI CABA) — GPC,ARG-013,Asignación por jurisdicción del INGEI (desagregación provincial),Inventario Nacional de Gases de Efecto Invernadero (INGEI) / Informe Nacional de Inventario (INI)
ARG,Argentina,B,68,III.2,Biological treatment of waste,5,covered,city_or_municipality,City / municipality (city-ready),no,Inventario de GEI de la Ciudad de Buenos Aires (IGEI CABA) — GPC,ARG-013,Asignación por jurisdicción del INGEI (desagregación provincial),Inventario Nacional de Gases de Efecto Invernadero (INGEI) / Informe Nacional de Inventario (INI)
ARG,Argentina,B,68,III.3,Incineration & open burning,3,covered,other_or_mixed,Mixed / other,no,Asignación por jurisdicción del INGEI (desagregación provincial),ARG-002,Inventario Nacional de Gases de Efecto Invernadero (INGEI) / Informe Nacional de Inventario (INI),Observatorio / estadísticas de RSU (ENGIRSU y productos provinciales)
ARG,Argentina,B,68,III.4,Wastewater treatment & discharge,5,covered,city_or_municipality,City / municipality (city-ready),no,Inventario de GEI de la Ciudad de Buenos Aires (IGEI CABA) — GPC,ARG-013,Asignación por jurisdicción del INGEI (desagregación provincial),Inventario Nacional de Gases de Efecto Invernadero (INGEI) / Informe Nacional de Inventario (INI)
ARG,Argentina,B,68,IV.1,Industrial processes,4,covered,other_or_mixed,Mixed / other,no,Asignación por jurisdicción del INGEI (desagregación provincial),ARG-002,Inventario Nacional de Gases de Efecto Invernadero (INGEI) / Informe Nacional de Inventario (INI),EDGAR GHG gridded & cities emissions
ARG,Argentina,B,68,IV.2,Product use,3,covered,other_or_mixed,Mixed / other,no,Asignación por jurisdicción del INGEI (desagregación provincial),ARG-002,Inventario Nacional de Gases de Efecto Invernadero (INGEI) / Informe Nacional de Inventario (INI),F-gases / uso de productos (INGEI IPPU + desagregación provincial parcial)
ARG,Argentina,B,68,V.1,Livestock,5,covered,other_or_mixed,Mixed / other,no,Asignación por jurisdicción del INGEI (desagregación provincial),ARG-002,Inventario Nacional de Gases de Efecto Invernadero (INGEI) / Informe Nacional de Inventario (INI),Censo Nacional Agropecuario (CNA 2018) y estadísticas agropecuarias
ARG,Argentina,B,68,V.2,Land,7,covered,other_or_mixed,Mixed / other,no,Asignación por jurisdicción del INGEI (desagregación provincial),ARG-002,Inventario Nacional Forestal / monitoreo de bosques (UMSEF / Dirección de Bosques),Inventario Nacional de Gases de Efecto Invernadero (INGEI) / Informe Nacional de Inventario (INI)
ARG,Argentina,B,68,V.3,Aggregate sources & non-CO₂ emissions sources on land,5,covered,other_or_mixed,Mixed / other,no,Asignación por jurisdicción del INGEI (desagregación provincial),ARG-002,Inventario Nacional de Gases de Efecto Invernadero (INGEI) / Informe Nacional de Inventario (INI),Censo Nacional Agropecuario (CNA 2018) y estadísticas agropecuarias
ARG,Argentina,B,68,VI.1,Other Scope 3,1,covered,national,National only (needs downscaling to city),yes,INDEC — Cuenta de emisiones al aire (CEA-GEI) / cuentas ambientales,ARG-008,,
MEX,Mexico,B,64,I.1,Residential buildings,11,covered,city_or_municipality,City / municipality (city-ready),no,Inventario de Emisiones de la ZMVM / CDMX (SEDEMA) — GEI y contaminantes,MEX-014,Sistema de Información Energética (SIE),CRE / SENER — estadísticas de gas natural y petrolíferos
MEX,Mexico,B,64,I.2,Commercial & institutional buildings,11,covered,city_or_municipality,City / municipality (city-ready),no,Inventario de Emisiones de la ZMVM / CDMX (SEDEMA) — GEI y contaminantes,MEX-014,Sistema de Información Energética (SIE),CRE / SENER — estadísticas de gas natural y petrolíferos
MEX,Mexico,B,64,I.3,Manufacturing industries & construction,13,covered,city_or_municipality,City / municipality (city-ready),no,Inventario de Emisiones de la ZMVM / CDMX (SEDEMA) — GEI y contaminantes,MEX-014,Registro Nacional de Emisiones (RENE),Sistema de Información Energética (SIE)
MEX,Mexico,B,64,I.4,Energy industries,15,covered,city_or_municipality,City / municipality (city-ready),no,Inventario de Emisiones de la ZMVM / CDMX (SEDEMA) — GEI y contaminantes,MEX-014,Registro Nacional de Emisiones (RENE),Sistema de Información Energética (SIE)
MEX,Mexico,B,64,I.5,"Agriculture, forestry & fishing energy",3,covered,city_or_municipality,City / municipality (city-ready),no,Censo Agropecuario / SIAP — estadísticas agropecuarias,MEX-011,Inventario Nacional de Emisiones de Gases y Compuestos de Efecto Invernadero (INEGyCEI),Balance Nacional de Energía (BNE)
MEX,Mexico,B,64,I.6,Non-specified sources,0,missing,unknown,Unknown,n/a,,,,
MEX,Mexico,B,64,I.7,"Fugitive emissions from mining, processing, storage & transport of coal",1,covered,national,National only (needs downscaling to city),yes,Inventario Nacional de Emisiones de Gases y Compuestos de Efecto Invernadero (INEGyCEI),MEX-001,,
MEX,Mexico,B,64,I.8,Fugitive emissions from oil & natural gas systems,7,covered,facility_or_asset,Facility / asset (point sources in cities),no,Registro Nacional de Emisiones (RENE),MEX-002,Sistema de Información Energética (SIE),CNH Tablero de Producción / PEMEX BDI — hidrocarburos
MEX,Mexico,B,64,II.1,On-road transportation,12,covered,city_or_municipality,City / municipality (city-ready),no,"INEGI — parque vehicular, transporte y estadísticas de movilidad",MEX-009,Inventario de Emisiones de la ZMVM / CDMX (SEDEMA) — GEI y contaminantes,Sistema de Información Energética (SIE)
MEX,Mexico,B,64,II.2,Railways,4,covered,city_or_municipality,City / municipality (city-ready),no,"INEGI — parque vehicular, transporte y estadísticas de movilidad",MEX-009,Inventario de Emisiones de la ZMVM / CDMX (SEDEMA) — GEI y contaminantes,"SCT / AFAC — estadísticas aeroportuarias, ferroviarias y marítimas"
MEX,Mexico,B,64,II.3,Waterborne navigation,4,covered,facility_or_asset,Facility / asset (point sources in cities),no,"SCT / AFAC — estadísticas aeroportuarias, ferroviarias y marítimas",MEX-010,Inventario Nacional de Emisiones de Gases y Compuestos de Efecto Invernadero (INEGyCEI),EDGAR GHG gridded & cities emissions
MEX,Mexico,B,64,II.4,Aviation,4,covered,facility_or_asset,Facility / asset (point sources in cities),no,"SCT / AFAC — estadísticas aeroportuarias, ferroviarias y marítimas",MEX-010,Inventario Nacional de Emisiones de Gases y Compuestos de Efecto Invernadero (INEGyCEI),EDGAR GHG gridded & cities emissions
MEX,Mexico,B,64,II.5,Off-road transportation,3,covered,facility_or_asset,Facility / asset (point sources in cities),no,Registro Nacional de Emisiones (RENE),MEX-002,Inventario Nacional de Emisiones de Gases y Compuestos de Efecto Invernadero (INEGyCEI),Factores de emisión y calculadora RENE / CONUEE
MEX,Mexico,B,64,III.1,Solid waste disposal,9,covered,city_or_municipality,City / municipality (city-ready),no,Inventario de Emisiones de la ZMVM / CDMX (SEDEMA) — GEI y contaminantes,MEX-014,Registro Nacional de Emisiones (RENE),Inventario Nacional de Emisiones de Gases y Compuestos de Efecto Invernadero (INEGyCEI)
MEX,Mexico,B,64,III.2,Biological treatment of waste,3,covered,city_or_municipality,City / municipality (city-ready),no,Inventario de Emisiones de la ZMVM / CDMX (SEDEMA) — GEI y contaminantes,MEX-014,Inventario Nacional de Emisiones de Gases y Compuestos de Efecto Invernadero (INEGyCEI),SEMARNAT — diagnósticos y estadísticas de residuos (RSU / RME)
MEX,Mexico,B,64,III.3,Incineration & open burning,3,covered,city_or_municipality,City / municipality (city-ready),no,Inventario de Emisiones de la ZMVM / CDMX (SEDEMA) — GEI y contaminantes,MEX-014,Inventario Nacional de Emisiones de Gases y Compuestos de Efecto Invernadero (INEGyCEI),SEMARNAT — diagnósticos y estadísticas de residuos (RSU / RME)
MEX,Mexico,B,64,III.4,Wastewater treatment & discharge,6,covered,city_or_municipality,City / municipality (city-ready),no,Inventario de Emisiones de la ZMVM / CDMX (SEDEMA) — GEI y contaminantes,MEX-014,Registro Nacional de Emisiones (RENE),Inventario Nacional de Emisiones de Gases y Compuestos de Efecto Invernadero (INEGyCEI)
MEX,Mexico,B,64,IV.1,Industrial processes,5,covered,city_or_municipality,City / municipality (city-ready),no,Inventario de Emisiones de la ZMVM / CDMX (SEDEMA) — GEI y contaminantes,MEX-014,Registro Nacional de Emisiones (RENE),Inventario Nacional de Emisiones de Gases y Compuestos de Efecto Invernadero (INEGyCEI)
MEX,Mexico,B,64,IV.2,Product use,4,covered,city_or_municipality,City / municipality (city-ready),no,Inventario de Emisiones de la ZMVM / CDMX (SEDEMA) — GEI y contaminantes,MEX-014,Inventario Nacional de Emisiones de Gases y Compuestos de Efecto Invernadero (INEGyCEI),Factores de emisión y calculadora RENE / CONUEE
MEX,Mexico,B,64,V.1,Livestock,6,covered,city_or_municipality,City / municipality (city-ready),no,Censo Agropecuario / SIAP — estadísticas agropecuarias,MEX-011,Inventario de Emisiones de la ZMVM / CDMX (SEDEMA) — GEI y contaminantes,Inventario Nacional de Emisiones de Gases y Compuestos de Efecto Invernadero (INEGyCEI)
MEX,Mexico,B,64,V.2,Land,6,covered,city_or_municipality,City / municipality (city-ready),no,Censo Agropecuario / SIAP — estadísticas agropecuarias,MEX-011,Inventario Nacional Forestal y de Suelos (INFyS) / SNMF,Inventario Nacional de Emisiones de Gases y Compuestos de Efecto Invernadero (INEGyCEI)
MEX,Mexico,B,64,V.3,Aggregate sources & non-CO₂ emissions sources on land,4,covered,city_or_municipality,City / municipality (city-ready),no,Censo Agropecuario / SIAP — estadísticas agropecuarias,MEX-011,Inventario Nacional de Emisiones de Gases y Compuestos de Efecto Invernadero (INEGyCEI),EDGAR GHG gridded & cities emissions
MEX,Mexico,B,64,VI.1,Other Scope 3,2,covered,national,National only (needs downscaling to city),yes,Factores de emisión y calculadora RENE / CONUEE,MEX-017,INEGI — cuentas económicas y ambientales / energía (productos SEEA parciales),
PHL,Philippines,B,60,I.1,Residential buildings,10,covered,city_or_municipality,City / municipality (city-ready),no,Quezon City GHG inventory / Enhanced QC-LCCAP (GPC-based),PHL-014,Meralco distribution sales / annual reports (franchise area),"Philippine Power Statistics (sales, generation, capacity by grid/region/sector)"
PHL,Philippines,B,60,I.2,Commercial & institutional buildings,6,covered,city_or_municipality,City / municipality (city-ready),no,Quezon City GHG inventory / Enhanced QC-LCCAP (GPC-based),PHL-014,Meralco distribution sales / annual reports (franchise area),"Philippine Power Statistics (sales, generation, capacity by grid/region/sector)"
PHL,Philippines,B,60,I.3,Manufacturing industries & construction,10,covered,city_or_municipality,City / municipality (city-ready),no,Quezon City GHG inventory / Enhanced QC-LCCAP (GPC-based),PHL-014,Meralco distribution sales / annual reports (franchise area),"Philippine Power Statistics (sales, generation, capacity by grid/region/sector)"
PHL,Philippines,B,60,I.4,Energy industries,7,covered,state_or_province,State / province (needs downscaling to city),yes,"Philippine Power Statistics (sales, generation, capacity by grid/region/sector)",PHL-003,Coal production by source (Key Energy Statistics),Philippines Biennial Transparency Report (BTR1) — National GHG Inventories 2015 & 2020
PHL,Philippines,B,60,I.5,"Agriculture, forestry & fishing energy",3,covered,state_or_province,State / province (needs downscaling to city),yes,PSA livestock & poultry / crops surveys (OpenSTAT Agriculture),PHL-012,Philippines Biennial Transparency Report (BTR1) — National GHG Inventories 2015 & 2020,Key Energy Statistics / Energy Supply and Demand Situationer / Energy Balance Table
PHL,Philippines,B,60,I.6,Non-specified sources,0,missing,unknown,Unknown,n/a,,,,
PHL,Philippines,B,60,I.7,"Fugitive emissions from mining, processing, storage & transport of coal",3,covered,other_or_mixed,Mixed / other,no,Coal production by source (Key Energy Statistics),PHL-016,Philippines Biennial Transparency Report (BTR1) — National GHG Inventories 2015 & 2020,Key Energy Statistics / Energy Supply and Demand Situationer / Energy Balance Table
PHL,Philippines,B,60,I.8,Fugitive emissions from oil & natural gas systems,3,covered,national,National only (needs downscaling to city),yes,Philippines Biennial Transparency Report (BTR1) — National GHG Inventories 2015 & 2020,PHL-001,Key Energy Statistics / Energy Supply and Demand Situationer / Energy Balance Table,Oil and gas production & petroleum product consumption by sector (KES)
PHL,Philippines,B,60,II.1,On-road transportation,8,covered,city_or_municipality,City / municipality (city-ready),no,Quezon City GHG inventory / Enhanced QC-LCCAP (GPC-based),PHL-014,LTO motor vehicle registration statistics (by classification/region/fuel),Key Energy Statistics / Energy Supply and Demand Situationer / Energy Balance Table
PHL,Philippines,B,60,II.2,Railways,3,covered,city_or_municipality,City / municipality (city-ready),no,Quezon City GHG inventory / Enhanced QC-LCCAP (GPC-based),PHL-014,Philippines Biennial Transparency Report (BTR1) — National GHG Inventories 2015 & 2020,Urban rail ridership (LRT/MRT/PNR performance disclosures)
PHL,Philippines,B,60,II.3,Waterborne navigation,4,covered,facility_or_asset,Facility / asset (point sources in cities),no,Philippine Ports Authority (PPA) annual & quarterly port statistics,PHL-008,Philippines Biennial Transparency Report (BTR1) — National GHG Inventories 2015 & 2020,EDGAR GHG gridded & cities emissions
PHL,Philippines,B,60,II.4,Aviation,4,covered,facility_or_asset,Facility / asset (point sources in cities),no,Philippines Biennial Transparency Report (BTR1) — National GHG Inventories 2015 & 2020,PHL-001,CAAP / MIAA / MCIAA / CIAC airport traffic statistics & dashboards,EDGAR GHG gridded & cities emissions
PHL,Philippines,B,60,II.5,Off-road transportation,2,covered,national,National only (needs downscaling to city),yes,Philippines Biennial Transparency Report (BTR1) — National GHG Inventories 2015 & 2020,PHL-001,Key Energy Statistics / Energy Supply and Demand Situationer / Energy Balance Table,
PHL,Philippines,B,60,III.1,Solid waste disposal,6,covered,city_or_municipality,City / municipality (city-ready),no,Quezon City GHG inventory / Enhanced QC-LCCAP (GPC-based),PHL-014,NSWMC / EMB solid waste generation & facility status reports,Philippines Biennial Transparency Report (BTR1) — National GHG Inventories 2015 & 2020
PHL,Philippines,B,60,III.2,Biological treatment of waste,2,covered,state_or_province,State / province (needs downscaling to city),yes,Philippines Biennial Transparency Report (BTR1) — National GHG Inventories 2015 & 2020,PHL-001,NSWMC / EMB solid waste generation & facility status reports,
PHL,Philippines,B,60,III.3,Incineration & open burning,2,covered,state_or_province,State / province (needs downscaling to city),yes,Philippines Biennial Transparency Report (BTR1) — National GHG Inventories 2015 & 2020,PHL-001,NSWMC / EMB solid waste generation & facility status reports,
PHL,Philippines,B,60,III.4,Wastewater treatment & discharge,4,covered,city_or_municipality,City / municipality (city-ready),no,Quezon City GHG inventory / Enhanced QC-LCCAP (GPC-based),PHL-014,"PSA OpenSTAT — Energy, Agriculture, Environment databases",Water utilities / MWSS concessionaire disclosures (wastewater supporting for Metro Manila)
PHL,Philippines,B,60,IV.1,Industrial processes,5,covered,national,National only (needs downscaling to city),yes,Philippines Biennial Transparency Report (BTR1) — National GHG Inventories 2015 & 2020,PHL-001,2015 and 2020 National GHGI Executive Brief / NICCDIES GHG portal,Cement industry production/capacity disclosures (CeMAP / DTI context)
PHL,Philippines,B,60,IV.2,Product use,1,covered,national,National only (needs downscaling to city),yes,Philippines Biennial Transparency Report (BTR1) — National GHG Inventories 2015 & 2020,PHL-001,,
PHL,Philippines,B,60,V.1,Livestock,6,covered,state_or_province,State / province (needs downscaling to city),yes,"PSA OpenSTAT — Energy, Agriculture, Environment databases",PHL-005,PSA livestock & poultry / crops surveys (OpenSTAT Agriculture),Philippines Biennial Transparency Report (BTR1) — National GHG Inventories 2015 & 2020
PHL,Philippines,B,60,V.2,Land,7,covered,state_or_province,State / province (needs downscaling to city),yes,"PSA OpenSTAT — Energy, Agriculture, Environment databases",PHL-005,NAMRIA land cover / FMB Philippine Forestry Statistics / FRL,Philippines Biennial Transparency Report (BTR1) — National GHG Inventories 2015 & 2020
PHL,Philippines,B,60,V.3,Aggregate sources & non-CO₂ emissions sources on land,5,covered,state_or_province,State / province (needs downscaling to city),yes,"PSA OpenSTAT — Energy, Agriculture, Environment databases",PHL-005,PSA livestock & poultry / crops surveys (OpenSTAT Agriculture),Philippines Biennial Transparency Report (BTR1) — National GHG Inventories 2015 & 2020
PHL,Philippines,B,60,VI.1,Other Scope 3,1,covered,state_or_province,State / province (needs downscaling to city),yes,Family Income and Expenditure Survey (FIES) — energy-related expenditure,PHL-023,,
MAR,Morocco,C,50,I.1,Residential buildings,11,covered,other_or_mixed,Mixed / other,no,Rapports financiers / volumes électricité — Lydec (Grand Casablanca),MAR-008,Taux d’équipement des ménages en électricité / conditions de vie,Annuaire statistique du Maroc (plateforme)
MAR,Morocco,C,50,I.2,Commercial & institutional buildings,10,covered,other_or_mixed,Mixed / other,no,Rapports financiers / volumes électricité — Lydec (Grand Casablanca),MAR-008,Annuaire statistique du Maroc (plateforme),Rapport National d’Inventaire des GES (NIR 2024) — série 2010–2022
MAR,Morocco,C,50,I.3,Manufacturing industries & construction,11,covered,other_or_mixed,Mixed / other,no,Rapports financiers / volumes électricité — Lydec (Grand Casablanca),MAR-008,Annuaire statistique du Maroc (plateforme),Rapport National d’Inventaire des GES (NIR 2024) — série 2010–2022
MAR,Morocco,C,50,I.4,Energy industries,10,covered,other_or_mixed,Mixed / other,no,Rapport National d’Inventaire des GES (NIR 2024) — série 2010–2022,MAR-001,"Indicateurs sectoriels (agriculture, mines, énergie, eau, industrie, transport…)",Chiffres clés annuels de l’énergie
MAR,Morocco,C,50,I.5,"Agriculture, forestry & fishing energy",5,covered,state_or_province,State / province (needs downscaling to city),yes,Rapport National d’Inventaire des GES (NIR 2024) — série 2010–2022,MAR-001,"Indicateurs sectoriels (agriculture, mines, énergie, eau, industrie, transport…)",Chiffres clés annuels de l’énergie
MAR,Morocco,C,50,I.6,Non-specified sources,0,missing,unknown,Unknown,n/a,,,,
MAR,Morocco,C,50,I.7,"Fugitive emissions from mining, processing, storage & transport of coal",1,covered,national,National only (needs downscaling to city),yes,Rapport National d’Inventaire des GES (NIR 2024) — série 2010–2022,MAR-001,,
MAR,Morocco,C,50,I.8,Fugitive emissions from oil & natural gas systems,2,covered,national,National only (needs downscaling to city),yes,Rapport National d’Inventaire des GES (NIR 2024) — série 2010–2022,MAR-001,Chiffres clés annuels de l’énergie,
MAR,Morocco,C,50,II.1,On-road transportation,11,covered,state_or_province,State / province (needs downscaling to city),yes,Annuaire statistique du Maroc (plateforme),MAR-010,Rapport National d’Inventaire des GES (NIR 2024) — série 2010–2022,"Indicateurs sectoriels (agriculture, mines, énergie, eau, industrie, transport…)"
MAR,Morocco,C,50,II.2,Railways,3,covered,national,National only (needs downscaling to city),yes,Rapport National d’Inventaire des GES (NIR 2024) — série 2010–2022,MAR-001,Communiqués / indicateurs trafic ONCF (voyageurs & fret),EDGAR GHG gridded & cities emissions
MAR,Morocco,C,50,II.3,Waterborne navigation,5,covered,facility_or_asset,Facility / asset (point sources in cities),no,Statistiques de trafic portuaire national (ANP / Ministère de l’Équipement),MAR-016,Bilans d’activité portuaire Tanger Med,Rapport National d’Inventaire des GES (NIR 2024) — série 2010–2022
MAR,Morocco,C,50,II.4,Aviation,4,covered,facility_or_asset,Facility / asset (point sources in cities),no,"Statistiques de trafic aérien (passagers, mouvements) par aéroport",MAR-018,Rapport National d’Inventaire des GES (NIR 2024) — série 2010–2022,EDGAR GHG gridded & cities emissions
MAR,Morocco,C,50,II.5,Off-road transportation,1,covered,national,National only (needs downscaling to city),yes,Rapport National d’Inventaire des GES (NIR 2024) — série 2010–2022,MAR-001,,
MAR,Morocco,C,50,III.1,Solid waste disposal,5,covered,state_or_province,State / province (needs downscaling to city),yes,Rapport National d’Inventaire des GES (NIR 2024) — série 2010–2022,MAR-001,"Programme National des Déchets Ménagers — indicateurs publics (taux d’enfouissement, réhabilitation)",Plans Climat Territoriaux (PCT) — analyses GES régionales (ex. Casablanca-Settat)
MAR,Morocco,C,50,III.2,Biological treatment of waste,1,covered,national,National only (needs downscaling to city),yes,Rapport National d’Inventaire des GES (NIR 2024) — série 2010–2022,MAR-001,,
MAR,Morocco,C,50,III.3,Incineration & open burning,1,covered,national,National only (needs downscaling to city),yes,Rapport National d’Inventaire des GES (NIR 2024) — série 2010–2022,MAR-001,,
MAR,Morocco,C,50,III.4,Wastewater treatment & discharge,5,covered,facility_or_asset,Facility / asset (point sources in cities),no,Rapports financiers / volumes électricité — Lydec (Grand Casablanca),MAR-008,Rapport National d’Inventaire des GES (NIR 2024) — série 2010–2022,"Indicateurs assainissement liquide ONEE (STEP, population desservie)"
MAR,Morocco,C,50,IV.1,Industrial processes,5,covered,national,National only (needs downscaling to city),yes,Rapport National d’Inventaire des GES (NIR 2024) — série 2010–2022,MAR-001,"Indicateurs sectoriels (agriculture, mines, énergie, eau, industrie, transport…)",Livraisons / ventes de ciment (APC / ministère Habitat)
MAR,Morocco,C,50,IV.2,Product use,1,covered,national,National only (needs downscaling to city),yes,Rapport National d’Inventaire des GES (NIR 2024) — série 2010–2022,MAR-001,,
MAR,Morocco,C,50,V.1,Livestock,6,covered,state_or_province,State / province (needs downscaling to city),yes,Annuaire statistique du Maroc (plateforme),MAR-010,Rapport National d’Inventaire des GES (NIR 2024) — série 2010–2022,"Indicateurs sectoriels (agriculture, mines, énergie, eau, industrie, transport…)"
MAR,Morocco,C,50,V.2,Land,7,covered,national,National only (needs downscaling to city),yes,Rapport National d’Inventaire des GES (NIR 2024) — série 2010–2022,MAR-001,Inventaire Forestier National / statistiques forestières ANEF,EDGAR GHG gridded & cities emissions
MAR,Morocco,C,50,V.3,Aggregate sources & non-CO₂ emissions sources on land,6,covered,state_or_province,State / province (needs downscaling to city),yes,Annuaire statistique du Maroc (plateforme),MAR-010,Rapport National d’Inventaire des GES (NIR 2024) — série 2010–2022,"Indicateurs sectoriels (agriculture, mines, énergie, eau, industrie, transport…)"
MAR,Morocco,C,50,VI.1,Other Scope 3,2,covered,state_or_province,State / province (needs downscaling to city),yes,Annuaire statistique du Maroc (plateforme),MAR-010,Plans Climat Territoriaux (PCT) — analyses GES régionales (ex. Casablanca-Settat),
ETH,Ethiopia,C,45,I.1,Residential buildings,10,covered,city_or_municipality,City / municipality (city-ready),no,Addis Ababa GHG Emissions Inventory 2016 (GPC / C40 CIRIS),ETH-011,First Biennial Update Report (BUR1) — National GHG Inventory 2018 & 2020,Third National Communication (NC3)
ETH,Ethiopia,C,45,I.2,Commercial & institutional buildings,5,covered,city_or_municipality,City / municipality (city-ready),no,Addis Ababa GHG Emissions Inventory 2016 (GPC / C40 CIRIS),ETH-011,First Biennial Update Report (BUR1) — National GHG Inventory 2018 & 2020,Ethiopian Energy Sector Brief 2025 (energy balance & electricity statistics)
ETH,Ethiopia,C,45,I.3,Manufacturing industries & construction,8,covered,city_or_municipality,City / municipality (city-ready),no,Addis Ababa GHG Emissions Inventory 2016 (GPC / C40 CIRIS),ETH-011,First Biennial Update Report (BUR1) — National GHG Inventory 2018 & 2020,Ethiopian Energy Sector Brief 2025 (energy balance & electricity statistics)
ETH,Ethiopia,C,45,I.4,Energy industries,11,covered,city_or_municipality,City / municipality (city-ready),no,Addis Ababa GHG Emissions Inventory 2016 (GPC / C40 CIRIS),ETH-011,First Biennial Update Report (BUR1) — National GHG Inventory 2018 & 2020,Third National Communication (NC3)
ETH,Ethiopia,C,45,I.5,"Agriculture, forestry & fishing energy",6,covered,state_or_province,State / province (needs downscaling to city),yes,Agricultural Sample Survey — Livestock and Livestock Characteristics,ETH-006,Agricultural Sample Survey — Area and Production of Major Crops / Land Utilization / Farm Management,First Biennial Update Report (BUR1) — National GHG Inventory 2018 & 2020
ETH,Ethiopia,C,45,I.6,Non-specified sources,0,missing,unknown,Unknown,n/a,,,,
ETH,Ethiopia,C,45,I.7,"Fugitive emissions from mining, processing, storage & transport of coal",0,missing,unknown,Unknown,n/a,,,,
ETH,Ethiopia,C,45,I.8,Fugitive emissions from oil & natural gas systems,1,covered,national,National only (needs downscaling to city),yes,First Biennial Update Report (BUR1) — National GHG Inventory 2018 & 2020,ETH-001,,
ETH,Ethiopia,C,45,II.1,On-road transportation,8,covered,city_or_municipality,City / municipality (city-ready),no,Addis Ababa GHG Emissions Inventory 2016 (GPC / C40 CIRIS),ETH-011,First Biennial Update Report (BUR1) — National GHG Inventory 2018 & 2020,Third National Communication (NC3)
ETH,Ethiopia,C,45,II.2,Railways,4,covered,city_or_municipality,City / municipality (city-ready),no,Addis Ababa GHG Emissions Inventory 2016 (GPC / C40 CIRIS),ETH-011,First Biennial Update Report (BUR1) — National GHG Inventory 2018 & 2020,EEP Facts in Brief 2024/25
ETH,Ethiopia,C,45,II.3,Waterborne navigation,0,missing,unknown,Unknown,n/a,,,,
ETH,Ethiopia,C,45,II.4,Aviation,5,covered,city_or_municipality,City / municipality (city-ready),no,Addis Ababa GHG Emissions Inventory 2016 (GPC / C40 CIRIS),ETH-011,First Biennial Update Report (BUR1) — National GHG Inventory 2018 & 2020,Ethiopian Airlines Group traffic & fleet factsheets / annual reports
ETH,Ethiopia,C,45,II.5,Off-road transportation,1,covered,national,National only (needs downscaling to city),yes,First Biennial Update Report (BUR1) — National GHG Inventory 2018 & 2020,ETH-001,,
ETH,Ethiopia,C,45,III.1,Solid waste disposal,6,covered,city_or_municipality,City / municipality (city-ready),no,Addis Ababa GHG Emissions Inventory 2016 (GPC / C40 CIRIS),ETH-011,First Biennial Update Report (BUR1) — National GHG Inventory 2018 & 2020,Third National Communication (NC3)
ETH,Ethiopia,C,45,III.2,Biological treatment of waste,2,covered,city_or_municipality,City / municipality (city-ready),no,First Biennial Update Report (BUR1) — National GHG Inventory 2018 & 2020,ETH-001,"Addis Ababa / national MSW management project reports (JICA, GIZ sector briefs)",
ETH,Ethiopia,C,45,III.3,Incineration & open burning,2,covered,city_or_municipality,City / municipality (city-ready),no,First Biennial Update Report (BUR1) — National GHG Inventory 2018 & 2020,ETH-001,"Addis Ababa / national MSW management project reports (JICA, GIZ sector briefs)",
ETH,Ethiopia,C,45,III.4,Wastewater treatment & discharge,4,covered,city_or_municipality,City / municipality (city-ready),no,Addis Ababa GHG Emissions Inventory 2016 (GPC / C40 CIRIS),ETH-011,First Biennial Update Report (BUR1) — National GHG Inventory 2018 & 2020,AAWSA wastewater / sanitation project ESIAs and service descriptions
ETH,Ethiopia,C,45,IV.1,Industrial processes,6,covered,city_or_municipality,City / municipality (city-ready),no,Addis Ababa GHG Emissions Inventory 2016 (GPC / C40 CIRIS),ETH-011,First Biennial Update Report (BUR1) — National GHG Inventory 2018 & 2020,Large and Medium Scale Manufacturing and Electricity Industries Survey reports
ETH,Ethiopia,C,45,IV.2,Product use,1,covered,national,National only (needs downscaling to city),yes,First Biennial Update Report (BUR1) — National GHG Inventory 2018 & 2020,ETH-001,,
ETH,Ethiopia,C,45,V.1,Livestock,8,covered,city_or_municipality,City / municipality (city-ready),no,Addis Ababa GHG Emissions Inventory 2016 (GPC / C40 CIRIS),ETH-011,Agricultural Sample Survey — Livestock and Livestock Characteristics,First Biennial Update Report (BUR1) — National GHG Inventory 2018 & 2020
ETH,Ethiopia,C,45,V.2,Land,10,covered,city_or_municipality,City / municipality (city-ready),no,Addis Ababa GHG Emissions Inventory 2016 (GPC / C40 CIRIS),ETH-011,Agricultural Sample Survey — Area and Production of Major Crops / Land Utilization / Farm Management,First Biennial Update Report (BUR1) — National GHG Inventory 2018 & 2020
ETH,Ethiopia,C,45,V.3,Aggregate sources & non-CO₂ emissions sources on land,9,covered,state_or_province,State / province (needs downscaling to city),yes,Agricultural Sample Survey — Livestock and Livestock Characteristics,ETH-006,Agricultural Sample Survey — Area and Production of Major Crops / Land Utilization / Farm Management,First Biennial Update Report (BUR1) — National GHG Inventory 2018 & 2020
ETH,Ethiopia,C,45,VI.1,Other Scope 3,4,covered,state_or_province,State / province (needs downscaling to city),yes,NDC 3.0 (2025) — emissions pathways & MRV context,ETH-024,Ethiopia Socioeconomic Survey / LSMS-ISA (incl. energy & agriculture modules),IMIS Ethiopia / ESS StatBank
