sector_name,dataset_id,row_id,dataset_name,publisher,dataset_type,information_requirements_satisfied,related_gpc_sector,geographic_coverage,geographic_granularity,granularity_class,temporal_coverage,update_frequency,data_format,open_restricted,license,api_available,download_url,documentation_url,short_description,limitations,confidence_level,authoritative_tier
Residential buildings,MAR-001,MAR-001-I.1,Rapport National d’Inventaire des GES (NIR 2024) — série 2010–2022,Département du Développement Durable (Maroc) / UNFCCC,Emissions,"National GHG emissions by IPCC sector/category; activity data tables for energy, IPPU, AFOLU, waste; emission factors",I.1,Morocco (national),National (no city boundary),national,2010–2022,Linked to BTR/NIR cycle (multi-year),PDF (+ CRF tables referenced),Open,Not identified (UNFCCC public document),No,https://unfccc.int/sites/default/files/resource/Maroc%20-%20Rapport%20National%20d%27Inventaire%20-%20D%C3%A9cembre%202024.pdf,https://unfccc.int/documents/645214,Official national GHG inventory document with sectoral emissions and activity-data tables used for UNFCCC transparency reporting.,"National totals only; not city-level. Category structure follows IPCC CRF, not GPC. Many underlying operator datasets not published separately.",High,Primary official
Residential buildings,MAR-002,MAR-002-I.1,"Indicateurs sectoriels (agriculture, mines, énergie, eau, industrie, transport…)",Portail Open Data Maroc (data.gov.ma) — sources administratives consolidées,Activity,Energy balance indicators (ktep); livestock counts; crop areas/production; cement sales; mineral production; water; selected transport indicators,I.1,Morocco (national),National,national,~2012–2022 (series in file; 2025 refresh available),Irregular / annual batches,XLSX,Open,ODbL (stated on portal resource),Unknown (CKAN API may exist),https://www.data.gov.ma/data/dataset/indicateurs-sectoriels-2012-2022,https://www.data.gov.ma/,"National open-data workbook of sectoral indicators including energy balance, livestock, crops, cement and other activity proxies.",Mostly national aggregates; metadata fields often incomplete on portal; city allocation requires additional proxies.,High,Primary official
Residential buildings,MAR-003,MAR-003-I.1,Indicateurs sectoriels — Énergie et eau 2010–2020,Portail Open Data Maroc,Activity,Energy and water sector indicators time series,I.1,Morocco (national),National,national,2010–2020,Static snapshot (last modified ~2022),XLSX,Open,Not identified,Unknown,https://data.gov.ma/data/dataset/indicateurs-sectoriels-energie-et-eau-2010-2020,https://data.gov.ma/data/dataset/indicateurs-sectoriels-energie-et-eau-2010-2020,Open Excel indicators for energy and water sectors over 2010–2020.,Ended at 2020; national only; indicator dictionary sparse.,Medium,Primary official
Residential buildings,MAR-004,MAR-004-I.1,Chiffres clés annuels de l’énergie,Ministère de la Transition Énergétique et du Développement Durable (MEM),Activity,Primary/final energy consumption; petroleum products; LPG/butane; natural gas; coal; electricity import/production context; energy bill,I.1,Morocco (national),National; some product-level,national,~2007–2021 (publication series),Annual (when published),PDF,Open,Not identified,No,https://www.mem.gov.ma/Lists/Lst_rapports/Attachments/39/Chiffres%20cl%C3%A9s%20annuels%20de%20l%27%C3%A9nergie.pdf,https://mem.gov.ma/,Official annual energy key figures including fuel imports/consumption and natural gas use by major consumers.,PDF tables; not city-level; latest year depends on publication lag; limited customer-class detail.,High,Primary official
Residential buildings,MAR-005,MAR-005-I.1,Rapports d’activités ONEE — Branche Électricité,Office National de l’Électricité et de l’Eau Potable (ONEE),Activity,National electricity production; installed capacity by technology; energy called; sales volumes; rural electrification; client counts,I.1,Morocco (national grid / ONEE perimeter),National; limited plant/program mentions,national,Annual series (e.g. 2021–2024 PDFs available),Annual,PDF,Open,Not identified,No,https://www.one.org.ma/FR/pages/interne.asp?esp=2&id1=10&id2=73&t2=1,https://www.one.org.ma/,"ONEE electricity branch annual activity reports with national generation, capacity mix and sales indicators.",Not disaggregated to municipality/customer class for all cities; PDF; distribution concessionaires hold city meter data separately.,High,Primary official
Residential buildings,MAR-008,MAR-008-I.1,Rapports financiers / volumes électricité — Lydec (Grand Casablanca),Lydec / AMMC filings (historically); SRM Casablanca-Settat from Oct 2024,Activity,Electricity sales volumes (GWh) for Grand Casablanca service area; wastewater/water volumes as supporting,I.1,Grand Casablanca (concession / SRM perimeter),Utility service area (~city/metro),other_or_mixed,Annual/quarterly series through 2024 transfer,Quarterly/annual filings when published,PDF,Open (filings),Not identified,No,https://www.ammc.ma/sites/default/files/Lydec_RFA_2024.pdf,https://www.ammc.ma/,Public financial reports disclosing electricity (and water/wastewater) volumes sold in Casablanca perimeter — rare city-scale utility activity data.,Customer-class split limited; institutional transition to SRM may change publication practice; not full GPC building stock.,High,Primary operator
Residential buildings,MAR-009,MAR-009-I.1,Taux d’équipement des ménages en électricité / conditions de vie,Haut-Commissariat au Plan (HCP),Activity,Supporting: household electricity access rates; housing occupancy proxies for allocation,I.1,Morocco,National (some indicators may have regional series elsewhere),state_or_province,Recent household survey years (e.g. 2024 indicator page),Survey/census cycles,Web indicator / downloadable file,Open,Not identified,No,https://www.hcp.ma/Taux-d-equipement-des-menages-en-electricite-en_a3470.html,https://www.hcp.ma/,Official household electricity equipment rate and related living-conditions indicators.,"Access/equipment rates, not kWh consumption by municipality.",High,Primary official
Residential buildings,MAR-010,MAR-010-I.1,Annuaire statistique du Maroc (plateforme),HCP,Activity,"Cross-cutting socio-economic, demographic, industry, agriculture, transport tables for allocation proxies",I.1,Morocco,National; selected regional/provincial tables depending on indicator,state_or_province,Multi-year yearbooks,Annual,Web tables,Open,Not identified,Unknown,https://www.annuaire.hcp.ma/,https://www.hcp.ma/,Official statistical yearbook platform with thematic time series used as allocation and supporting activity data.,Variable geographic detail; energy consumption often not at city meter level.,High,Primary official
Residential buildings,MAR-011,MAR-011-I.1,État des lieux de la consommation énergétique — Région Fès-Meknès,Conseil de la Région Fès-Meknès,Hybrid,"Regional final energy consumption by sector (residential, transport, industry, tertiary, agriculture); supporting building/transport context",I.1,Région Fès-Meknès,Region (subnational),state_or_province,Around 2022 baseline in report,One-off / project-based,PDF,Open,Not identified,No,https://www.region-fes-meknes.ma/wp-content/uploads/2026/04/Etat-des-lieux-de-la-consommation-energetique-FM.pdf,https://www.region-fes-meknes.ma/,Regional energy consumption diagnostic compiling sectoral energy uses — useful subnational template though not city GPC inventory.,Not municipality-complete for all cities; methods may mix sources; not annual open series.,Medium,Subnational official
Residential buildings,MAR-024,MAR-024-I.1,EDGAR GHG gridded & cities emissions,European Commission JRC (EDGAR),Emissions,Modeled sectoral GHG emissions; 0.1° grids; EDGAR Cities / settlement-type products for urban allocation,I.1,Global including Morocco,0.1° grid; 1 km settlement/city products,modeled_grid,1970–2024 (latest GHG release),Periodic major releases,NetCDF / CSV / Excel,Open,As stated by JRC (typically open research use),No (file download),https://edgar.jrc.ec.europa.eu/emissions_data_and_maps,https://edgar.jrc.ec.europa.eu/,Independent global emissions database with gridded and city products usable to approximate city-scale sector emissions when local activity data are missing.,Modeled downscaling; not official Moroccan inventory; weak for GPC BASIC+ detailed scopes without local calibration.,High,International modeled
Residential buildings,MAR-029,MAR-029-I.1,Plans Climat Territoriaux (PCT) — analyses GES régionales (ex. Casablanca-Settat),Régions / Département Environnement (project outputs; e.g. ECI references),Emissions,Regional GHG diagnostics and priority sectors (supporting city inventory scoping),I.1,Selected Moroccan regions (6-region PCT program),Region,state_or_province,Project baseline years (varies),One-off project documents,PDF reports (availability uneven),Partial / Restricted (many reports not systematically open),Not identified,No,https://eci.ma/en/projets/elaboration-dun-plan-climat-territorial-pour-la-region-de-casablanca-settat/,https://environnement.gov.ma/,Territorial climate plans include regional GHG analyses that can inform city inventory boundaries and data leads.,Underlying datasets often not published; methods/documentation incomplete publicly; not GPC city inventories.,Low,Subnational project
Commercial & institutional buildings,MAR-001,MAR-001-I.2,Rapport National d’Inventaire des GES (NIR 2024) — série 2010–2022,Département du Développement Durable (Maroc) / UNFCCC,Emissions,"National GHG emissions by IPCC sector/category; activity data tables for energy, IPPU, AFOLU, waste; emission factors",I.2,Morocco (national),National (no city boundary),national,2010–2022,Linked to BTR/NIR cycle (multi-year),PDF (+ CRF tables referenced),Open,Not identified (UNFCCC public document),No,https://unfccc.int/sites/default/files/resource/Maroc%20-%20Rapport%20National%20d%27Inventaire%20-%20D%C3%A9cembre%202024.pdf,https://unfccc.int/documents/645214,Official national GHG inventory document with sectoral emissions and activity-data tables used for UNFCCC transparency reporting.,"National totals only; not city-level. Category structure follows IPCC CRF, not GPC. Many underlying operator datasets not published separately.",High,Primary official
Commercial & institutional buildings,MAR-002,MAR-002-I.2,"Indicateurs sectoriels (agriculture, mines, énergie, eau, industrie, transport…)",Portail Open Data Maroc (data.gov.ma) — sources administratives consolidées,Activity,Energy balance indicators (ktep); livestock counts; crop areas/production; cement sales; mineral production; water; selected transport indicators,I.2,Morocco (national),National,national,~2012–2022 (series in file; 2025 refresh available),Irregular / annual batches,XLSX,Open,ODbL (stated on portal resource),Unknown (CKAN API may exist),https://www.data.gov.ma/data/dataset/indicateurs-sectoriels-2012-2022,https://www.data.gov.ma/,"National open-data workbook of sectoral indicators including energy balance, livestock, crops, cement and other activity proxies.",Mostly national aggregates; metadata fields often incomplete on portal; city allocation requires additional proxies.,High,Primary official
Commercial & institutional buildings,MAR-003,MAR-003-I.2,Indicateurs sectoriels — Énergie et eau 2010–2020,Portail Open Data Maroc,Activity,Energy and water sector indicators time series,I.2,Morocco (national),National,national,2010–2020,Static snapshot (last modified ~2022),XLSX,Open,Not identified,Unknown,https://data.gov.ma/data/dataset/indicateurs-sectoriels-energie-et-eau-2010-2020,https://data.gov.ma/data/dataset/indicateurs-sectoriels-energie-et-eau-2010-2020,Open Excel indicators for energy and water sectors over 2010–2020.,Ended at 2020; national only; indicator dictionary sparse.,Medium,Primary official
Commercial & institutional buildings,MAR-004,MAR-004-I.2,Chiffres clés annuels de l’énergie,Ministère de la Transition Énergétique et du Développement Durable (MEM),Activity,Primary/final energy consumption; petroleum products; LPG/butane; natural gas; coal; electricity import/production context; energy bill,I.2,Morocco (national),National; some product-level,national,~2007–2021 (publication series),Annual (when published),PDF,Open,Not identified,No,https://www.mem.gov.ma/Lists/Lst_rapports/Attachments/39/Chiffres%20cl%C3%A9s%20annuels%20de%20l%27%C3%A9nergie.pdf,https://mem.gov.ma/,Official annual energy key figures including fuel imports/consumption and natural gas use by major consumers.,PDF tables; not city-level; latest year depends on publication lag; limited customer-class detail.,High,Primary official
Commercial & institutional buildings,MAR-005,MAR-005-I.2,Rapports d’activités ONEE — Branche Électricité,Office National de l’Électricité et de l’Eau Potable (ONEE),Activity,National electricity production; installed capacity by technology; energy called; sales volumes; rural electrification; client counts,I.2,Morocco (national grid / ONEE perimeter),National; limited plant/program mentions,national,Annual series (e.g. 2021–2024 PDFs available),Annual,PDF,Open,Not identified,No,https://www.one.org.ma/FR/pages/interne.asp?esp=2&id1=10&id2=73&t2=1,https://www.one.org.ma/,"ONEE electricity branch annual activity reports with national generation, capacity mix and sales indicators.",Not disaggregated to municipality/customer class for all cities; PDF; distribution concessionaires hold city meter data separately.,High,Primary official
Commercial & institutional buildings,MAR-008,MAR-008-I.2,Rapports financiers / volumes électricité — Lydec (Grand Casablanca),Lydec / AMMC filings (historically); SRM Casablanca-Settat from Oct 2024,Activity,Electricity sales volumes (GWh) for Grand Casablanca service area; wastewater/water volumes as supporting,I.2,Grand Casablanca (concession / SRM perimeter),Utility service area (~city/metro),other_or_mixed,Annual/quarterly series through 2024 transfer,Quarterly/annual filings when published,PDF,Open (filings),Not identified,No,https://www.ammc.ma/sites/default/files/Lydec_RFA_2024.pdf,https://www.ammc.ma/,Public financial reports disclosing electricity (and water/wastewater) volumes sold in Casablanca perimeter — rare city-scale utility activity data.,Customer-class split limited; institutional transition to SRM may change publication practice; not full GPC building stock.,High,Primary operator
Commercial & institutional buildings,MAR-010,MAR-010-I.2,Annuaire statistique du Maroc (plateforme),HCP,Activity,"Cross-cutting socio-economic, demographic, industry, agriculture, transport tables for allocation proxies",I.2,Morocco,National; selected regional/provincial tables depending on indicator,state_or_province,Multi-year yearbooks,Annual,Web tables,Open,Not identified,Unknown,https://www.annuaire.hcp.ma/,https://www.hcp.ma/,Official statistical yearbook platform with thematic time series used as allocation and supporting activity data.,Variable geographic detail; energy consumption often not at city meter level.,High,Primary official
Commercial & institutional buildings,MAR-011,MAR-011-I.2,État des lieux de la consommation énergétique — Région Fès-Meknès,Conseil de la Région Fès-Meknès,Hybrid,"Regional final energy consumption by sector (residential, transport, industry, tertiary, agriculture); supporting building/transport context",I.2,Région Fès-Meknès,Region (subnational),state_or_province,Around 2022 baseline in report,One-off / project-based,PDF,Open,Not identified,No,https://www.region-fes-meknes.ma/wp-content/uploads/2026/04/Etat-des-lieux-de-la-consommation-energetique-FM.pdf,https://www.region-fes-meknes.ma/,Regional energy consumption diagnostic compiling sectoral energy uses — useful subnational template though not city GPC inventory.,Not municipality-complete for all cities; methods may mix sources; not annual open series.,Medium,Subnational official
Commercial & institutional buildings,MAR-024,MAR-024-I.2,EDGAR GHG gridded & cities emissions,European Commission JRC (EDGAR),Emissions,Modeled sectoral GHG emissions; 0.1° grids; EDGAR Cities / settlement-type products for urban allocation,I.2,Global including Morocco,0.1° grid; 1 km settlement/city products,modeled_grid,1970–2024 (latest GHG release),Periodic major releases,NetCDF / CSV / Excel,Open,As stated by JRC (typically open research use),No (file download),https://edgar.jrc.ec.europa.eu/emissions_data_and_maps,https://edgar.jrc.ec.europa.eu/,Independent global emissions database with gridded and city products usable to approximate city-scale sector emissions when local activity data are missing.,Modeled downscaling; not official Moroccan inventory; weak for GPC BASIC+ detailed scopes without local calibration.,High,International modeled
Commercial & institutional buildings,MAR-029,MAR-029-I.2,Plans Climat Territoriaux (PCT) — analyses GES régionales (ex. Casablanca-Settat),Régions / Département Environnement (project outputs; e.g. ECI references),Emissions,Regional GHG diagnostics and priority sectors (supporting city inventory scoping),I.2,Selected Moroccan regions (6-region PCT program),Region,state_or_province,Project baseline years (varies),One-off project documents,PDF reports (availability uneven),Partial / Restricted (many reports not systematically open),Not identified,No,https://eci.ma/en/projets/elaboration-dun-plan-climat-territorial-pour-la-region-de-casablanca-settat/,https://environnement.gov.ma/,Territorial climate plans include regional GHG analyses that can inform city inventory boundaries and data leads.,Underlying datasets often not published; methods/documentation incomplete publicly; not GPC city inventories.,Low,Subnational project
Manufacturing industries & construction,MAR-001,MAR-001-I.3,Rapport National d’Inventaire des GES (NIR 2024) — série 2010–2022,Département du Développement Durable (Maroc) / UNFCCC,Emissions,"National GHG emissions by IPCC sector/category; activity data tables for energy, IPPU, AFOLU, waste; emission factors",I.3,Morocco (national),National (no city boundary),national,2010–2022,Linked to BTR/NIR cycle (multi-year),PDF (+ CRF tables referenced),Open,Not identified (UNFCCC public document),No,https://unfccc.int/sites/default/files/resource/Maroc%20-%20Rapport%20National%20d%27Inventaire%20-%20D%C3%A9cembre%202024.pdf,https://unfccc.int/documents/645214,Official national GHG inventory document with sectoral emissions and activity-data tables used for UNFCCC transparency reporting.,"National totals only; not city-level. Category structure follows IPCC CRF, not GPC. Many underlying operator datasets not published separately.",High,Primary official
Manufacturing industries & construction,MAR-002,MAR-002-I.3,"Indicateurs sectoriels (agriculture, mines, énergie, eau, industrie, transport…)",Portail Open Data Maroc (data.gov.ma) — sources administratives consolidées,Activity,Energy balance indicators (ktep); livestock counts; crop areas/production; cement sales; mineral production; water; selected transport indicators,I.3,Morocco (national),National,national,~2012–2022 (series in file; 2025 refresh available),Irregular / annual batches,XLSX,Open,ODbL (stated on portal resource),Unknown (CKAN API may exist),https://www.data.gov.ma/data/dataset/indicateurs-sectoriels-2012-2022,https://www.data.gov.ma/,"National open-data workbook of sectoral indicators including energy balance, livestock, crops, cement and other activity proxies.",Mostly national aggregates; metadata fields often incomplete on portal; city allocation requires additional proxies.,High,Primary official
Manufacturing industries & construction,MAR-003,MAR-003-I.3,Indicateurs sectoriels — Énergie et eau 2010–2020,Portail Open Data Maroc,Activity,Energy and water sector indicators time series,I.3,Morocco (national),National,national,2010–2020,Static snapshot (last modified ~2022),XLSX,Open,Not identified,Unknown,https://data.gov.ma/data/dataset/indicateurs-sectoriels-energie-et-eau-2010-2020,https://data.gov.ma/data/dataset/indicateurs-sectoriels-energie-et-eau-2010-2020,Open Excel indicators for energy and water sectors over 2010–2020.,Ended at 2020; national only; indicator dictionary sparse.,Medium,Primary official
Manufacturing industries & construction,MAR-004,MAR-004-I.3,Chiffres clés annuels de l’énergie,Ministère de la Transition Énergétique et du Développement Durable (MEM),Activity,Primary/final energy consumption; petroleum products; LPG/butane; natural gas; coal; electricity import/production context; energy bill,I.3,Morocco (national),National; some product-level,national,~2007–2021 (publication series),Annual (when published),PDF,Open,Not identified,No,https://www.mem.gov.ma/Lists/Lst_rapports/Attachments/39/Chiffres%20cl%C3%A9s%20annuels%20de%20l%27%C3%A9nergie.pdf,https://mem.gov.ma/,Official annual energy key figures including fuel imports/consumption and natural gas use by major consumers.,PDF tables; not city-level; latest year depends on publication lag; limited customer-class detail.,High,Primary official
Manufacturing industries & construction,MAR-005,MAR-005-I.3,Rapports d’activités ONEE — Branche Électricité,Office National de l’Électricité et de l’Eau Potable (ONEE),Activity,National electricity production; installed capacity by technology; energy called; sales volumes; rural electrification; client counts,I.3,Morocco (national grid / ONEE perimeter),National; limited plant/program mentions,national,Annual series (e.g. 2021–2024 PDFs available),Annual,PDF,Open,Not identified,No,https://www.one.org.ma/FR/pages/interne.asp?esp=2&id1=10&id2=73&t2=1,https://www.one.org.ma/,"ONEE electricity branch annual activity reports with national generation, capacity mix and sales indicators.",Not disaggregated to municipality/customer class for all cities; PDF; distribution concessionaires hold city meter data separately.,High,Primary official
Manufacturing industries & construction,MAR-008,MAR-008-I.3,Rapports financiers / volumes électricité — Lydec (Grand Casablanca),Lydec / AMMC filings (historically); SRM Casablanca-Settat from Oct 2024,Activity,Electricity sales volumes (GWh) for Grand Casablanca service area; wastewater/water volumes as supporting,I.3,Grand Casablanca (concession / SRM perimeter),Utility service area (~city/metro),other_or_mixed,Annual/quarterly series through 2024 transfer,Quarterly/annual filings when published,PDF,Open (filings),Not identified,No,https://www.ammc.ma/sites/default/files/Lydec_RFA_2024.pdf,https://www.ammc.ma/,Public financial reports disclosing electricity (and water/wastewater) volumes sold in Casablanca perimeter — rare city-scale utility activity data.,Customer-class split limited; institutional transition to SRM may change publication practice; not full GPC building stock.,High,Primary operator
Manufacturing industries & construction,MAR-010,MAR-010-I.3,Annuaire statistique du Maroc (plateforme),HCP,Activity,"Cross-cutting socio-economic, demographic, industry, agriculture, transport tables for allocation proxies",I.3,Morocco,National; selected regional/provincial tables depending on indicator,state_or_province,Multi-year yearbooks,Annual,Web tables,Open,Not identified,Unknown,https://www.annuaire.hcp.ma/,https://www.hcp.ma/,Official statistical yearbook platform with thematic time series used as allocation and supporting activity data.,Variable geographic detail; energy consumption often not at city meter level.,High,Primary official
Manufacturing industries & construction,MAR-011,MAR-011-I.3,État des lieux de la consommation énergétique — Région Fès-Meknès,Conseil de la Région Fès-Meknès,Hybrid,"Regional final energy consumption by sector (residential, transport, industry, tertiary, agriculture); supporting building/transport context",I.3,Région Fès-Meknès,Region (subnational),state_or_province,Around 2022 baseline in report,One-off / project-based,PDF,Open,Not identified,No,https://www.region-fes-meknes.ma/wp-content/uploads/2026/04/Etat-des-lieux-de-la-consommation-energetique-FM.pdf,https://www.region-fes-meknes.ma/,Regional energy consumption diagnostic compiling sectoral energy uses — useful subnational template though not city GPC inventory.,Not municipality-complete for all cities; methods may mix sources; not annual open series.,Medium,Subnational official
Manufacturing industries & construction,MAR-021,MAR-021-I.3,Livraisons / ventes de ciment (APC / ministère Habitat),Association Professionnelle des Cimentiers (APC); cross-cited by producers & ministry,Activity,Cement dispatch/sales volumes (clinker/cement process activity proxy),I.3,Morocco,National; plant locations known but production rarely open by plant,national,Monthly/annual commercial series,Monthly (trade press) / annual,Web / PDF / press,Partial Open,Not identified,No,https://apc.ma/,https://apc.ma/le-secteur-cimentier-integre/,Industry cement sales/dispatch statistics widely used as IPPU cement activity data; capacity and plant counts published by APC.,Process EF and plant-level clinker not fully open; some producers (non-APC) may be excluded depending on source.,High,Industry association
Manufacturing industries & construction,MAR-024,MAR-024-I.3,EDGAR GHG gridded & cities emissions,European Commission JRC (EDGAR),Emissions,Modeled sectoral GHG emissions; 0.1° grids; EDGAR Cities / settlement-type products for urban allocation,I.3,Global including Morocco,0.1° grid; 1 km settlement/city products,modeled_grid,1970–2024 (latest GHG release),Periodic major releases,NetCDF / CSV / Excel,Open,As stated by JRC (typically open research use),No (file download),https://edgar.jrc.ec.europa.eu/emissions_data_and_maps,https://edgar.jrc.ec.europa.eu/,Independent global emissions database with gridded and city products usable to approximate city-scale sector emissions when local activity data are missing.,Modeled downscaling; not official Moroccan inventory; weak for GPC BASIC+ detailed scopes without local calibration.,High,International modeled
Manufacturing industries & construction,MAR-025,MAR-025-I.3,"Climate TRACE inventory (countries, assets, urban areas)",Climate TRACE,Emissions,"Modeled/facility emissions; urban-area inventories; sector assets (power, transport, waste, etc.)",I.3,Global including Morocco,Asset / urban area / admin,modeled_grid,Monthly recent years (from ~2021),Periodic releases,CSV / API / web,Open,As stated by Climate TRACE,Yes,https://climatetrace.org/,https://climatetrace.org/,Global emissions inventory with asset-level and urban estimates useful as gap-fill and cross-check for Moroccan cities.,Not official; methods vary by sector; city boundaries may be Functional Urban Areas not administrative communes.,Medium,International modeled
Energy industries,MAR-001,MAR-001-I.4,Rapport National d’Inventaire des GES (NIR 2024) — série 2010–2022,Département du Développement Durable (Maroc) / UNFCCC,Emissions,"National GHG emissions by IPCC sector/category; activity data tables for energy, IPPU, AFOLU, waste; emission factors",I.4,Morocco (national),National (no city boundary),national,2010–2022,Linked to BTR/NIR cycle (multi-year),PDF (+ CRF tables referenced),Open,Not identified (UNFCCC public document),No,https://unfccc.int/sites/default/files/resource/Maroc%20-%20Rapport%20National%20d%27Inventaire%20-%20D%C3%A9cembre%202024.pdf,https://unfccc.int/documents/645214,Official national GHG inventory document with sectoral emissions and activity-data tables used for UNFCCC transparency reporting.,"National totals only; not city-level. Category structure follows IPCC CRF, not GPC. Many underlying operator datasets not published separately.",High,Primary official
Energy industries,MAR-002,MAR-002-I.4,"Indicateurs sectoriels (agriculture, mines, énergie, eau, industrie, transport…)",Portail Open Data Maroc (data.gov.ma) — sources administratives consolidées,Activity,Energy balance indicators (ktep); livestock counts; crop areas/production; cement sales; mineral production; water; selected transport indicators,I.4,Morocco (national),National,national,~2012–2022 (series in file; 2025 refresh available),Irregular / annual batches,XLSX,Open,ODbL (stated on portal resource),Unknown (CKAN API may exist),https://www.data.gov.ma/data/dataset/indicateurs-sectoriels-2012-2022,https://www.data.gov.ma/,"National open-data workbook of sectoral indicators including energy balance, livestock, crops, cement and other activity proxies.",Mostly national aggregates; metadata fields often incomplete on portal; city allocation requires additional proxies.,High,Primary official
Energy industries,MAR-003,MAR-003-I.4,Indicateurs sectoriels — Énergie et eau 2010–2020,Portail Open Data Maroc,Activity,Energy and water sector indicators time series,I.4,Morocco (national),National,national,2010–2020,Static snapshot (last modified ~2022),XLSX,Open,Not identified,Unknown,https://data.gov.ma/data/dataset/indicateurs-sectoriels-energie-et-eau-2010-2020,https://data.gov.ma/data/dataset/indicateurs-sectoriels-energie-et-eau-2010-2020,Open Excel indicators for energy and water sectors over 2010–2020.,Ended at 2020; national only; indicator dictionary sparse.,Medium,Primary official
Energy industries,MAR-004,MAR-004-I.4,Chiffres clés annuels de l’énergie,Ministère de la Transition Énergétique et du Développement Durable (MEM),Activity,Primary/final energy consumption; petroleum products; LPG/butane; natural gas; coal; electricity import/production context; energy bill,I.4,Morocco (national),National; some product-level,national,~2007–2021 (publication series),Annual (when published),PDF,Open,Not identified,No,https://www.mem.gov.ma/Lists/Lst_rapports/Attachments/39/Chiffres%20cl%C3%A9s%20annuels%20de%20l%27%C3%A9nergie.pdf,https://mem.gov.ma/,Official annual energy key figures including fuel imports/consumption and natural gas use by major consumers.,PDF tables; not city-level; latest year depends on publication lag; limited customer-class detail.,High,Primary official
Energy industries,MAR-005,MAR-005-I.4,Rapports d’activités ONEE — Branche Électricité,Office National de l’Électricité et de l’Eau Potable (ONEE),Activity,National electricity production; installed capacity by technology; energy called; sales volumes; rural electrification; client counts,I.4,Morocco (national grid / ONEE perimeter),National; limited plant/program mentions,national,Annual series (e.g. 2021–2024 PDFs available),Annual,PDF,Open,Not identified,No,https://www.one.org.ma/FR/pages/interne.asp?esp=2&id1=10&id2=73&t2=1,https://www.one.org.ma/,"ONEE electricity branch annual activity reports with national generation, capacity mix and sales indicators.",Not disaggregated to municipality/customer class for all cities; PDF; distribution concessionaires hold city meter data separately.,High,Primary official
Energy industries,MAR-006,MAR-006-I.4,Rapport annuel ANRE (marché électrique / production par source),Autorité Nationale de Régulation de l’Électricité (ANRE),Activity,National electricity generation by fuel/technology; system indicators; renewables share,I.4,Morocco,National,national,Recent years (e.g. 2024 production figures published),Annual,PDF,Open,Not identified,No,https://anre.ma/wp-content/uploads/2025/12/ANRE-Rapport-VF-web.pdf,https://anre.ma/,"Electricity regulator report with national generation mix (coal, wind, gas, solar, hydro, etc.).",National totals; not plant-level emissions; hosting-capacity platforms are not consumption datasets.,High,Primary official
Energy industries,MAR-007,MAR-007-I.4,Plateforme capacité d’accueil des réseaux (transport & distribution),ANRE,Activity,Supporting grid/distribution-zone capacity (proxy for distribution geography); not fuel combustion activity,I.4,Morocco,Transmission zones; distribution operators (SRM/Amendis/Redal etc.),other_or_mixed,Forward-looking 2026–2030 hosting capacity,Periodic regulatory publication,Web platform / tables,Open,Not identified,Unknown,https://ca.anre.ma/,https://anre.ma/regulations/capacite-daccueil/,Interactive hosting-capacity publication by distribution zone useful as spatial proxy for utility territories.,Not metered consumption or emissions; planning capacity only.,Medium,Primary official
Energy industries,MAR-024,MAR-024-I.4,EDGAR GHG gridded & cities emissions,European Commission JRC (EDGAR),Emissions,Modeled sectoral GHG emissions; 0.1° grids; EDGAR Cities / settlement-type products for urban allocation,I.4,Global including Morocco,0.1° grid; 1 km settlement/city products,modeled_grid,1970–2024 (latest GHG release),Periodic major releases,NetCDF / CSV / Excel,Open,As stated by JRC (typically open research use),No (file download),https://edgar.jrc.ec.europa.eu/emissions_data_and_maps,https://edgar.jrc.ec.europa.eu/,Independent global emissions database with gridded and city products usable to approximate city-scale sector emissions when local activity data are missing.,Modeled downscaling; not official Moroccan inventory; weak for GPC BASIC+ detailed scopes without local calibration.,High,International modeled
Energy industries,MAR-025,MAR-025-I.4,"Climate TRACE inventory (countries, assets, urban areas)",Climate TRACE,Emissions,"Modeled/facility emissions; urban-area inventories; sector assets (power, transport, waste, etc.)",I.4,Global including Morocco,Asset / urban area / admin,modeled_grid,Monthly recent years (from ~2021),Periodic releases,CSV / API / web,Open,As stated by Climate TRACE,Yes,https://climatetrace.org/,https://climatetrace.org/,Global emissions inventory with asset-level and urban estimates useful as gap-fill and cross-check for Moroccan cities.,Not official; methods vary by sector; city boundaries may be Functional Urban Areas not administrative communes.,Medium,International modeled
Energy industries,MAR-030,MAR-030-I.4,Global Power Plant Database (Morocco plants),WRI,Activity,"Power plant locations, fuels, capacities (energy industries facility proxy)",I.4,Morocco plants within global DB,Facility,modeled_grid,Snapshot (last major GPPD release; verify currency),Irregular,CSV,Open,CC-BY 4.0 (typical),No,https://datasets.wri.org/dataset/globalpowerplantdatabase,https://datasets.wri.org/dataset/globalpowerplantdatabase,Global plant registry enabling geocoding of generation assets inside/near city boundaries.,Generation and emissions not always yearly; may miss newest Moroccan plants; verify against ONEE/ANRE.,Medium,International compiled
"Agriculture, forestry & fishing energy",MAR-001,MAR-001-I.5,Rapport National d’Inventaire des GES (NIR 2024) — série 2010–2022,Département du Développement Durable (Maroc) / UNFCCC,Emissions,"National GHG emissions by IPCC sector/category; activity data tables for energy, IPPU, AFOLU, waste; emission factors",I.5,Morocco (national),National (no city boundary),national,2010–2022,Linked to BTR/NIR cycle (multi-year),PDF (+ CRF tables referenced),Open,Not identified (UNFCCC public document),No,https://unfccc.int/sites/default/files/resource/Maroc%20-%20Rapport%20National%20d%27Inventaire%20-%20D%C3%A9cembre%202024.pdf,https://unfccc.int/documents/645214,Official national GHG inventory document with sectoral emissions and activity-data tables used for UNFCCC transparency reporting.,"National totals only; not city-level. Category structure follows IPCC CRF, not GPC. Many underlying operator datasets not published separately.",High,Primary official
"Agriculture, forestry & fishing energy",MAR-002,MAR-002-I.5,"Indicateurs sectoriels (agriculture, mines, énergie, eau, industrie, transport…)",Portail Open Data Maroc (data.gov.ma) — sources administratives consolidées,Activity,Energy balance indicators (ktep); livestock counts; crop areas/production; cement sales; mineral production; water; selected transport indicators,I.5,Morocco (national),National,national,~2012–2022 (series in file; 2025 refresh available),Irregular / annual batches,XLSX,Open,ODbL (stated on portal resource),Unknown (CKAN API may exist),https://www.data.gov.ma/data/dataset/indicateurs-sectoriels-2012-2022,https://www.data.gov.ma/,"National open-data workbook of sectoral indicators including energy balance, livestock, crops, cement and other activity proxies.",Mostly national aggregates; metadata fields often incomplete on portal; city allocation requires additional proxies.,High,Primary official
"Agriculture, forestry & fishing energy",MAR-004,MAR-004-I.5,Chiffres clés annuels de l’énergie,Ministère de la Transition Énergétique et du Développement Durable (MEM),Activity,Primary/final energy consumption; petroleum products; LPG/butane; natural gas; coal; electricity import/production context; energy bill,I.5,Morocco (national),National; some product-level,national,~2007–2021 (publication series),Annual (when published),PDF,Open,Not identified,No,https://www.mem.gov.ma/Lists/Lst_rapports/Attachments/39/Chiffres%20cl%C3%A9s%20annuels%20de%20l%27%C3%A9nergie.pdf,https://mem.gov.ma/,Official annual energy key figures including fuel imports/consumption and natural gas use by major consumers.,PDF tables; not city-level; latest year depends on publication lag; limited customer-class detail.,High,Primary official
"Agriculture, forestry & fishing energy",MAR-011,MAR-011-I.5,État des lieux de la consommation énergétique — Région Fès-Meknès,Conseil de la Région Fès-Meknès,Hybrid,"Regional final energy consumption by sector (residential, transport, industry, tertiary, agriculture); supporting building/transport context",I.5,Région Fès-Meknès,Region (subnational),state_or_province,Around 2022 baseline in report,One-off / project-based,PDF,Open,Not identified,No,https://www.region-fes-meknes.ma/wp-content/uploads/2026/04/Etat-des-lieux-de-la-consommation-energetique-FM.pdf,https://www.region-fes-meknes.ma/,Regional energy consumption diagnostic compiling sectoral energy uses — useful subnational template though not city GPC inventory.,Not municipality-complete for all cities; methods may mix sources; not annual open series.,Medium,Subnational official
"Agriculture, forestry & fishing energy",MAR-028,MAR-028-I.5,"FAOSTAT (crops, livestock, fertilizers, land)",FAO,Activity,National crop production/area; livestock; fertilizer; land-use statistics,I.5,Morocco (national in FAOSTAT),National,modeled_grid,Long time series,Annual,CSV / API,Open,CC / FAO terms,Yes,https://www.fao.org/faostat/en/#data,https://www.fao.org/faostat/en/#home,International agricultural statistics for Morocco useful as activity defaults and cross-checks.,National only; may lag or differ from MAPMDREF; city allocation needed.,High,International official
Non-specified sources,NO-COVERAGE,NO-COVERAGE-I.6,No suitable dataset identified (I.6),,,,I.6,,,unknown,,,,,,,,,No suitable dataset identified for this GPC subsector in the current research pass.,,,
"Fugitive emissions from mining, processing, storage & transport of coal",MAR-001,MAR-001-I.7,Rapport National d’Inventaire des GES (NIR 2024) — série 2010–2022,Département du Développement Durable (Maroc) / UNFCCC,Emissions,"National GHG emissions by IPCC sector/category; activity data tables for energy, IPPU, AFOLU, waste; emission factors",I.7,Morocco (national),National (no city boundary),national,2010–2022,Linked to BTR/NIR cycle (multi-year),PDF (+ CRF tables referenced),Open,Not identified (UNFCCC public document),No,https://unfccc.int/sites/default/files/resource/Maroc%20-%20Rapport%20National%20d%27Inventaire%20-%20D%C3%A9cembre%202024.pdf,https://unfccc.int/documents/645214,Official national GHG inventory document with sectoral emissions and activity-data tables used for UNFCCC transparency reporting.,"National totals only; not city-level. Category structure follows IPCC CRF, not GPC. Many underlying operator datasets not published separately.",High,Primary official
Fugitive emissions from oil & natural gas systems,MAR-001,MAR-001-I.8,Rapport National d’Inventaire des GES (NIR 2024) — série 2010–2022,Département du Développement Durable (Maroc) / UNFCCC,Emissions,"National GHG emissions by IPCC sector/category; activity data tables for energy, IPPU, AFOLU, waste; emission factors",I.8,Morocco (national),National (no city boundary),national,2010–2022,Linked to BTR/NIR cycle (multi-year),PDF (+ CRF tables referenced),Open,Not identified (UNFCCC public document),No,https://unfccc.int/sites/default/files/resource/Maroc%20-%20Rapport%20National%20d%27Inventaire%20-%20D%C3%A9cembre%202024.pdf,https://unfccc.int/documents/645214,Official national GHG inventory document with sectoral emissions and activity-data tables used for UNFCCC transparency reporting.,"National totals only; not city-level. Category structure follows IPCC CRF, not GPC. Many underlying operator datasets not published separately.",High,Primary official
Fugitive emissions from oil & natural gas systems,MAR-004,MAR-004-I.8,Chiffres clés annuels de l’énergie,Ministère de la Transition Énergétique et du Développement Durable (MEM),Activity,Primary/final energy consumption; petroleum products; LPG/butane; natural gas; coal; electricity import/production context; energy bill,I.8,Morocco (national),National; some product-level,national,~2007–2021 (publication series),Annual (when published),PDF,Open,Not identified,No,https://www.mem.gov.ma/Lists/Lst_rapports/Attachments/39/Chiffres%20cl%C3%A9s%20annuels%20de%20l%27%C3%A9nergie.pdf,https://mem.gov.ma/,Official annual energy key figures including fuel imports/consumption and natural gas use by major consumers.,PDF tables; not city-level; latest year depends on publication lag; limited customer-class detail.,High,Primary official
On-road transportation,MAR-001,MAR-001-II.1,Rapport National d’Inventaire des GES (NIR 2024) — série 2010–2022,Département du Développement Durable (Maroc) / UNFCCC,Emissions,"National GHG emissions by IPCC sector/category; activity data tables for energy, IPPU, AFOLU, waste; emission factors",II.1,Morocco (national),National (no city boundary),national,2010–2022,Linked to BTR/NIR cycle (multi-year),PDF (+ CRF tables referenced),Open,Not identified (UNFCCC public document),No,https://unfccc.int/sites/default/files/resource/Maroc%20-%20Rapport%20National%20d%27Inventaire%20-%20D%C3%A9cembre%202024.pdf,https://unfccc.int/documents/645214,Official national GHG inventory document with sectoral emissions and activity-data tables used for UNFCCC transparency reporting.,"National totals only; not city-level. Category structure follows IPCC CRF, not GPC. Many underlying operator datasets not published separately.",High,Primary official
On-road transportation,MAR-002,MAR-002-II.1,"Indicateurs sectoriels (agriculture, mines, énergie, eau, industrie, transport…)",Portail Open Data Maroc (data.gov.ma) — sources administratives consolidées,Activity,Energy balance indicators (ktep); livestock counts; crop areas/production; cement sales; mineral production; water; selected transport indicators,II.1,Morocco (national),National,national,~2012–2022 (series in file; 2025 refresh available),Irregular / annual batches,XLSX,Open,ODbL (stated on portal resource),Unknown (CKAN API may exist),https://www.data.gov.ma/data/dataset/indicateurs-sectoriels-2012-2022,https://www.data.gov.ma/,"National open-data workbook of sectoral indicators including energy balance, livestock, crops, cement and other activity proxies.",Mostly national aggregates; metadata fields often incomplete on portal; city allocation requires additional proxies.,High,Primary official
On-road transportation,MAR-004,MAR-004-II.1,Chiffres clés annuels de l’énergie,Ministère de la Transition Énergétique et du Développement Durable (MEM),Activity,Primary/final energy consumption; petroleum products; LPG/butane; natural gas; coal; electricity import/production context; energy bill,II.1,Morocco (national),National; some product-level,national,~2007–2021 (publication series),Annual (when published),PDF,Open,Not identified,No,https://www.mem.gov.ma/Lists/Lst_rapports/Attachments/39/Chiffres%20cl%C3%A9s%20annuels%20de%20l%27%C3%A9nergie.pdf,https://mem.gov.ma/,Official annual energy key figures including fuel imports/consumption and natural gas use by major consumers.,PDF tables; not city-level; latest year depends on publication lag; limited customer-class detail.,High,Primary official
On-road transportation,MAR-010,MAR-010-II.1,Annuaire statistique du Maroc (plateforme),HCP,Activity,"Cross-cutting socio-economic, demographic, industry, agriculture, transport tables for allocation proxies",II.1,Morocco,National; selected regional/provincial tables depending on indicator,state_or_province,Multi-year yearbooks,Annual,Web tables,Open,Not identified,Unknown,https://www.annuaire.hcp.ma/,https://www.hcp.ma/,Official statistical yearbook platform with thematic time series used as allocation and supporting activity data.,Variable geographic detail; energy consumption often not at city meter level.,High,Primary official
On-road transportation,MAR-011,MAR-011-II.1,État des lieux de la consommation énergétique — Région Fès-Meknès,Conseil de la Région Fès-Meknès,Hybrid,"Regional final energy consumption by sector (residential, transport, industry, tertiary, agriculture); supporting building/transport context",II.1,Région Fès-Meknès,Region (subnational),state_or_province,Around 2022 baseline in report,One-off / project-based,PDF,Open,Not identified,No,https://www.region-fes-meknes.ma/wp-content/uploads/2026/04/Etat-des-lieux-de-la-consommation-energetique-FM.pdf,https://www.region-fes-meknes.ma/,Regional energy consumption diagnostic compiling sectoral energy uses — useful subnational template though not city GPC inventory.,Not municipality-complete for all cities; methods may mix sources; not annual open series.,Medium,Subnational official
On-road transportation,MAR-012,MAR-012-II.1,Statistiques des immatriculations et effectif des véhicules (NARSA),Agence Nationale de la Sécurité Routière (NARSA) via data.gov.ma,Activity,Vehicle fleet stock; new registrations (fleet by type proxies for on-road),II.1,Morocco,National (check file for prefecture splits),national,Annual files 2021–2023+,Annual,Spreadsheet (via portal),Open,Not identified,Unknown,https://data.gov.ma/data/organization/narsa,https://data.gov.ma/data/organization/narsa,Official vehicle registration and fleet statistics published as open datasets by NARSA.,VKT and fuel economy not included; city-level fleet often incomplete; fuel type/age detail may be limited.,High,Primary official
On-road transportation,MAR-013,MAR-013-II.1,Suivi marché carburants (volumes gasoil/essence distribués),Conseil de la Concurrence,Activity,"National road-fuel distribution/import volumes (diesel, gasoline)",II.1,Morocco,National (distributor network aggregates),national,Quarterly/annual monitoring reports (e.g. 2024–2025),Quarterly reports,PDF / press summaries,Open,Not identified,No,https://conseil-concurrence.ma/,https://conseil-concurrence.ma/,Competition authority fuel-market monitoring with national diesel/gasoline volumes — proxy for on-road fuel sales.,Not municipal fuel sales; may exclude some non-road uses; not full energy-balance reconciliation.,Medium,Primary official
On-road transportation,MAR-014,MAR-014-II.1,Monographie automobile,Conseil de la Concurrence,Activity,Supporting vehicle market/fleet context; sales volumes,II.1,Morocco,National,national,Through ~2022/2023 reference years in Jan 2025 monograph,Occasional,PDF,Open,Not identified,No,https://conseil-concurrence.ma/wp-content/uploads/2025/01/MONOGRAPHIE-AUTOMOBILE-JANVIER-2025.pdf,https://conseil-concurrence.ma/,Automotive market monograph including national fleet stock figures and sales context.,Not VKT; not city registration extract.,Medium,Primary official
On-road transportation,MAR-024,MAR-024-II.1,EDGAR GHG gridded & cities emissions,European Commission JRC (EDGAR),Emissions,Modeled sectoral GHG emissions; 0.1° grids; EDGAR Cities / settlement-type products for urban allocation,II.1,Global including Morocco,0.1° grid; 1 km settlement/city products,modeled_grid,1970–2024 (latest GHG release),Periodic major releases,NetCDF / CSV / Excel,Open,As stated by JRC (typically open research use),No (file download),https://edgar.jrc.ec.europa.eu/emissions_data_and_maps,https://edgar.jrc.ec.europa.eu/,Independent global emissions database with gridded and city products usable to approximate city-scale sector emissions when local activity data are missing.,Modeled downscaling; not official Moroccan inventory; weak for GPC BASIC+ detailed scopes without local calibration.,High,International modeled
On-road transportation,MAR-025,MAR-025-II.1,"Climate TRACE inventory (countries, assets, urban areas)",Climate TRACE,Emissions,"Modeled/facility emissions; urban-area inventories; sector assets (power, transport, waste, etc.)",II.1,Global including Morocco,Asset / urban area / admin,modeled_grid,Monthly recent years (from ~2021),Periodic releases,CSV / API / web,Open,As stated by Climate TRACE,Yes,https://climatetrace.org/,https://climatetrace.org/,Global emissions inventory with asset-level and urban estimates useful as gap-fill and cross-check for Moroccan cities.,Not official; methods vary by sector; city boundaries may be Functional Urban Areas not administrative communes.,Medium,International modeled
On-road transportation,MAR-029,MAR-029-II.1,Plans Climat Territoriaux (PCT) — analyses GES régionales (ex. Casablanca-Settat),Régions / Département Environnement (project outputs; e.g. ECI references),Emissions,Regional GHG diagnostics and priority sectors (supporting city inventory scoping),II.1,Selected Moroccan regions (6-region PCT program),Region,state_or_province,Project baseline years (varies),One-off project documents,PDF reports (availability uneven),Partial / Restricted (many reports not systematically open),Not identified,No,https://eci.ma/en/projets/elaboration-dun-plan-climat-territorial-pour-la-region-de-casablanca-settat/,https://environnement.gov.ma/,Territorial climate plans include regional GHG analyses that can inform city inventory boundaries and data leads.,Underlying datasets often not published; methods/documentation incomplete publicly; not GPC city inventories.,Low,Subnational project
Railways,MAR-001,MAR-001-II.2,Rapport National d’Inventaire des GES (NIR 2024) — série 2010–2022,Département du Développement Durable (Maroc) / UNFCCC,Emissions,"National GHG emissions by IPCC sector/category; activity data tables for energy, IPPU, AFOLU, waste; emission factors",II.2,Morocco (national),National (no city boundary),national,2010–2022,Linked to BTR/NIR cycle (multi-year),PDF (+ CRF tables referenced),Open,Not identified (UNFCCC public document),No,https://unfccc.int/sites/default/files/resource/Maroc%20-%20Rapport%20National%20d%27Inventaire%20-%20D%C3%A9cembre%202024.pdf,https://unfccc.int/documents/645214,Official national GHG inventory document with sectoral emissions and activity-data tables used for UNFCCC transparency reporting.,"National totals only; not city-level. Category structure follows IPCC CRF, not GPC. Many underlying operator datasets not published separately.",High,Primary official
Railways,MAR-015,MAR-015-II.2,Communiqués / indicateurs trafic ONCF (voyageurs & fret),Office National des Chemins de Fer (ONCF),Activity,Passenger trips; freight tonnes; network length/electrification share (supporting),II.2,Morocco rail network,National network; limited corridor mentions (e.g. Al Boraq),national,Annual/quarterly press releases (2024–2026),Quarterly/annual,PDF press releases / web KPIs,Open (aggregates),Not identified,No,https://www.oncf.ma/en/Home,https://www.oncf.ma/,Public passenger and freight activity KPIs from ONCF communications and website.,No open diesel/electricity consumption by route; city allocation needs station/corridor methods; energy use not published systematically.,Medium,Primary operator
Railways,MAR-024,MAR-024-II.2,EDGAR GHG gridded & cities emissions,European Commission JRC (EDGAR),Emissions,Modeled sectoral GHG emissions; 0.1° grids; EDGAR Cities / settlement-type products for urban allocation,II.2,Global including Morocco,0.1° grid; 1 km settlement/city products,modeled_grid,1970–2024 (latest GHG release),Periodic major releases,NetCDF / CSV / Excel,Open,As stated by JRC (typically open research use),No (file download),https://edgar.jrc.ec.europa.eu/emissions_data_and_maps,https://edgar.jrc.ec.europa.eu/,Independent global emissions database with gridded and city products usable to approximate city-scale sector emissions when local activity data are missing.,Modeled downscaling; not official Moroccan inventory; weak for GPC BASIC+ detailed scopes without local calibration.,High,International modeled
Waterborne navigation,MAR-001,MAR-001-II.3,Rapport National d’Inventaire des GES (NIR 2024) — série 2010–2022,Département du Développement Durable (Maroc) / UNFCCC,Emissions,"National GHG emissions by IPCC sector/category; activity data tables for energy, IPPU, AFOLU, waste; emission factors",II.3,Morocco (national),National (no city boundary),national,2010–2022,Linked to BTR/NIR cycle (multi-year),PDF (+ CRF tables referenced),Open,Not identified (UNFCCC public document),No,https://unfccc.int/sites/default/files/resource/Maroc%20-%20Rapport%20National%20d%27Inventaire%20-%20D%C3%A9cembre%202024.pdf,https://unfccc.int/documents/645214,Official national GHG inventory document with sectoral emissions and activity-data tables used for UNFCCC transparency reporting.,"National totals only; not city-level. Category structure follows IPCC CRF, not GPC. Many underlying operator datasets not published separately.",High,Primary official
Waterborne navigation,MAR-016,MAR-016-II.3,Statistiques de trafic portuaire national (ANP / Ministère de l’Équipement),Agence Nationale des Ports (ANP) / Direction des Ports,Activity,Port throughput by port; containers; energy products; passengers; vessel activity proxies,II.3,Moroccan ports (ANP perimeter; Tanger Med reported separately),Port / facility,facility_or_asset,Quarterly and annual reports (2021–2025),Quarterly/annual,PDF / web tables,Open,Not identified,No,https://www.anp.org.ma/fr/services/statistiques-national,https://www.anp.org.ma/fr/agence/anp-en-chiffres,Official national port traffic statistics by port and commodity — key waterborne activity data.,Fuel bunkering/vessel emissions not included; Tanger Med often outside ANP totals; AIS-modeled emissions not provided.,High,Primary official
Waterborne navigation,MAR-017,MAR-017-II.3,Bilans d’activité portuaire Tanger Med,Tanger Med Port Authority (TMPA),Activity,Container TEU; tonnage; vessel calls; RoRo/passenger activity at Tanger Med,II.3,Tanger Med port complex,Port complex / facility,facility_or_asset,Annual (e.g. 2025 activity report),Annual,PDF press releases,Open,Not identified,No,https://www.tangermed.ma/wp-content/uploads/press-releases/2026/CP-TMPA-PORT-ACTIVITY-REPORT-IN-2025.pdf,https://www.tangermed.ma/,Facility-level activity report for Africa’s largest container hub — critical for northern Morocco waterborne inventories.,No published GHG inventory of vessel emissions; fuel use not disclosed.,High,Primary operator
Waterborne navigation,MAR-024,MAR-024-II.3,EDGAR GHG gridded & cities emissions,European Commission JRC (EDGAR),Emissions,Modeled sectoral GHG emissions; 0.1° grids; EDGAR Cities / settlement-type products for urban allocation,II.3,Global including Morocco,0.1° grid; 1 km settlement/city products,modeled_grid,1970–2024 (latest GHG release),Periodic major releases,NetCDF / CSV / Excel,Open,As stated by JRC (typically open research use),No (file download),https://edgar.jrc.ec.europa.eu/emissions_data_and_maps,https://edgar.jrc.ec.europa.eu/,Independent global emissions database with gridded and city products usable to approximate city-scale sector emissions when local activity data are missing.,Modeled downscaling; not official Moroccan inventory; weak for GPC BASIC+ detailed scopes without local calibration.,High,International modeled
Waterborne navigation,MAR-025,MAR-025-II.3,"Climate TRACE inventory (countries, assets, urban areas)",Climate TRACE,Emissions,"Modeled/facility emissions; urban-area inventories; sector assets (power, transport, waste, etc.)",II.3,Global including Morocco,Asset / urban area / admin,modeled_grid,Monthly recent years (from ~2021),Periodic releases,CSV / API / web,Open,As stated by Climate TRACE,Yes,https://climatetrace.org/,https://climatetrace.org/,Global emissions inventory with asset-level and urban estimates useful as gap-fill and cross-check for Moroccan cities.,Not official; methods vary by sector; city boundaries may be Functional Urban Areas not administrative communes.,Medium,International modeled
Aviation,MAR-001,MAR-001-II.4,Rapport National d’Inventaire des GES (NIR 2024) — série 2010–2022,Département du Développement Durable (Maroc) / UNFCCC,Emissions,"National GHG emissions by IPCC sector/category; activity data tables for energy, IPPU, AFOLU, waste; emission factors",II.4,Morocco (national),National (no city boundary),national,2010–2022,Linked to BTR/NIR cycle (multi-year),PDF (+ CRF tables referenced),Open,Not identified (UNFCCC public document),No,https://unfccc.int/sites/default/files/resource/Maroc%20-%20Rapport%20National%20d%27Inventaire%20-%20D%C3%A9cembre%202024.pdf,https://unfccc.int/documents/645214,Official national GHG inventory document with sectoral emissions and activity-data tables used for UNFCCC transparency reporting.,"National totals only; not city-level. Category structure follows IPCC CRF, not GPC. Many underlying operator datasets not published separately.",High,Primary official
Aviation,MAR-018,MAR-018-II.4,"Statistiques de trafic aérien (passagers, mouvements) par aéroport",Office National Des Aéroports (ONDA),Activity,Airport passenger traffic; aircraft movements; freight; monthly/annual series usable for LTO proxies,II.4,Moroccan airports,Airport,facility_or_asset,Monthly Excel series (ongoing; annual 2025 available),Monthly,XLSX / PDF,Open,Not identified,No,https://www.onda.ma/fr/Je-suis-Professionnel/Statistiques/Statistiques,https://www.onda.ma/,"Official airport-level traffic statistics (passengers, movements) published monthly by ONDA.",Fuel uplift and detailed aircraft-type LTO cycles not in standard public files; Scope 3 flight emissions need modeling.,High,Primary official
Aviation,MAR-024,MAR-024-II.4,EDGAR GHG gridded & cities emissions,European Commission JRC (EDGAR),Emissions,Modeled sectoral GHG emissions; 0.1° grids; EDGAR Cities / settlement-type products for urban allocation,II.4,Global including Morocco,0.1° grid; 1 km settlement/city products,modeled_grid,1970–2024 (latest GHG release),Periodic major releases,NetCDF / CSV / Excel,Open,As stated by JRC (typically open research use),No (file download),https://edgar.jrc.ec.europa.eu/emissions_data_and_maps,https://edgar.jrc.ec.europa.eu/,Independent global emissions database with gridded and city products usable to approximate city-scale sector emissions when local activity data are missing.,Modeled downscaling; not official Moroccan inventory; weak for GPC BASIC+ detailed scopes without local calibration.,High,International modeled
Aviation,MAR-025,MAR-025-II.4,"Climate TRACE inventory (countries, assets, urban areas)",Climate TRACE,Emissions,"Modeled/facility emissions; urban-area inventories; sector assets (power, transport, waste, etc.)",II.4,Global including Morocco,Asset / urban area / admin,modeled_grid,Monthly recent years (from ~2021),Periodic releases,CSV / API / web,Open,As stated by Climate TRACE,Yes,https://climatetrace.org/,https://climatetrace.org/,Global emissions inventory with asset-level and urban estimates useful as gap-fill and cross-check for Moroccan cities.,Not official; methods vary by sector; city boundaries may be Functional Urban Areas not administrative communes.,Medium,International modeled
Off-road transportation,MAR-001,MAR-001-II.5,Rapport National d’Inventaire des GES (NIR 2024) — série 2010–2022,Département du Développement Durable (Maroc) / UNFCCC,Emissions,"National GHG emissions by IPCC sector/category; activity data tables for energy, IPPU, AFOLU, waste; emission factors",II.5,Morocco (national),National (no city boundary),national,2010–2022,Linked to BTR/NIR cycle (multi-year),PDF (+ CRF tables referenced),Open,Not identified (UNFCCC public document),No,https://unfccc.int/sites/default/files/resource/Maroc%20-%20Rapport%20National%20d%27Inventaire%20-%20D%C3%A9cembre%202024.pdf,https://unfccc.int/documents/645214,Official national GHG inventory document with sectoral emissions and activity-data tables used for UNFCCC transparency reporting.,"National totals only; not city-level. Category structure follows IPCC CRF, not GPC. Many underlying operator datasets not published separately.",High,Primary official
Solid waste disposal,MAR-001,MAR-001-III.1,Rapport National d’Inventaire des GES (NIR 2024) — série 2010–2022,Département du Développement Durable (Maroc) / UNFCCC,Emissions,"National GHG emissions by IPCC sector/category; activity data tables for energy, IPPU, AFOLU, waste; emission factors",III.1,Morocco (national),National (no city boundary),national,2010–2022,Linked to BTR/NIR cycle (multi-year),PDF (+ CRF tables referenced),Open,Not identified (UNFCCC public document),No,https://unfccc.int/sites/default/files/resource/Maroc%20-%20Rapport%20National%20d%27Inventaire%20-%20D%C3%A9cembre%202024.pdf,https://unfccc.int/documents/645214,Official national GHG inventory document with sectoral emissions and activity-data tables used for UNFCCC transparency reporting.,"National totals only; not city-level. Category structure follows IPCC CRF, not GPC. Many underlying operator datasets not published separately.",High,Primary official
Solid waste disposal,MAR-020,MAR-020-III.1,"Programme National des Déchets Ménagers — indicateurs publics (taux d’enfouissement, réhabilitation)",Ministère de la Transition Énergétique et du Développement Durable / Ministère de l’Intérieur,Activity,National municipal solid waste management progress; share landfilled/controlled; dump rehabilitation counts,III.1,Morocco,National program indicators; site lists sometimes in speeches/reports,national,Program reporting (e.g. 2023 parliamentary updates),Irregular public updates,Web / PDF / news from official statements,Partial Open,Not identified,No,https://environnement.gov.ma/fr/dechets?id=986,https://environnement.gov.ma/,National MSW program indicators and policy pages describing landfill/controlled disposal progress.,No comprehensive open facility-level annual tonnage/composition API; city inventories often require municipal contracts; methane recovery detail scarce.,Medium,Primary official
Solid waste disposal,MAR-024,MAR-024-III.1,EDGAR GHG gridded & cities emissions,European Commission JRC (EDGAR),Emissions,Modeled sectoral GHG emissions; 0.1° grids; EDGAR Cities / settlement-type products for urban allocation,III.1,Global including Morocco,0.1° grid; 1 km settlement/city products,modeled_grid,1970–2024 (latest GHG release),Periodic major releases,NetCDF / CSV / Excel,Open,As stated by JRC (typically open research use),No (file download),https://edgar.jrc.ec.europa.eu/emissions_data_and_maps,https://edgar.jrc.ec.europa.eu/,Independent global emissions database with gridded and city products usable to approximate city-scale sector emissions when local activity data are missing.,Modeled downscaling; not official Moroccan inventory; weak for GPC BASIC+ detailed scopes without local calibration.,High,International modeled
Solid waste disposal,MAR-025,MAR-025-III.1,"Climate TRACE inventory (countries, assets, urban areas)",Climate TRACE,Emissions,"Modeled/facility emissions; urban-area inventories; sector assets (power, transport, waste, etc.)",III.1,Global including Morocco,Asset / urban area / admin,modeled_grid,Monthly recent years (from ~2021),Periodic releases,CSV / API / web,Open,As stated by Climate TRACE,Yes,https://climatetrace.org/,https://climatetrace.org/,Global emissions inventory with asset-level and urban estimates useful as gap-fill and cross-check for Moroccan cities.,Not official; methods vary by sector; city boundaries may be Functional Urban Areas not administrative communes.,Medium,International modeled
Solid waste disposal,MAR-029,MAR-029-III.1,Plans Climat Territoriaux (PCT) — analyses GES régionales (ex. Casablanca-Settat),Régions / Département Environnement (project outputs; e.g. ECI references),Emissions,Regional GHG diagnostics and priority sectors (supporting city inventory scoping),III.1,Selected Moroccan regions (6-region PCT program),Region,state_or_province,Project baseline years (varies),One-off project documents,PDF reports (availability uneven),Partial / Restricted (many reports not systematically open),Not identified,No,https://eci.ma/en/projets/elaboration-dun-plan-climat-territorial-pour-la-region-de-casablanca-settat/,https://environnement.gov.ma/,Territorial climate plans include regional GHG analyses that can inform city inventory boundaries and data leads.,Underlying datasets often not published; methods/documentation incomplete publicly; not GPC city inventories.,Low,Subnational project
Biological treatment of waste,MAR-001,MAR-001-III.2,Rapport National d’Inventaire des GES (NIR 2024) — série 2010–2022,Département du Développement Durable (Maroc) / UNFCCC,Emissions,"National GHG emissions by IPCC sector/category; activity data tables for energy, IPPU, AFOLU, waste; emission factors",III.2,Morocco (national),National (no city boundary),national,2010–2022,Linked to BTR/NIR cycle (multi-year),PDF (+ CRF tables referenced),Open,Not identified (UNFCCC public document),No,https://unfccc.int/sites/default/files/resource/Maroc%20-%20Rapport%20National%20d%27Inventaire%20-%20D%C3%A9cembre%202024.pdf,https://unfccc.int/documents/645214,Official national GHG inventory document with sectoral emissions and activity-data tables used for UNFCCC transparency reporting.,"National totals only; not city-level. Category structure follows IPCC CRF, not GPC. Many underlying operator datasets not published separately.",High,Primary official
Incineration & open burning,MAR-001,MAR-001-III.3,Rapport National d’Inventaire des GES (NIR 2024) — série 2010–2022,Département du Développement Durable (Maroc) / UNFCCC,Emissions,"National GHG emissions by IPCC sector/category; activity data tables for energy, IPPU, AFOLU, waste; emission factors",III.3,Morocco (national),National (no city boundary),national,2010–2022,Linked to BTR/NIR cycle (multi-year),PDF (+ CRF tables referenced),Open,Not identified (UNFCCC public document),No,https://unfccc.int/sites/default/files/resource/Maroc%20-%20Rapport%20National%20d%27Inventaire%20-%20D%C3%A9cembre%202024.pdf,https://unfccc.int/documents/645214,Official national GHG inventory document with sectoral emissions and activity-data tables used for UNFCCC transparency reporting.,"National totals only; not city-level. Category structure follows IPCC CRF, not GPC. Many underlying operator datasets not published separately.",High,Primary official
Wastewater treatment & discharge,MAR-001,MAR-001-III.4,Rapport National d’Inventaire des GES (NIR 2024) — série 2010–2022,Département du Développement Durable (Maroc) / UNFCCC,Emissions,"National GHG emissions by IPCC sector/category; activity data tables for energy, IPPU, AFOLU, waste; emission factors",III.4,Morocco (national),National (no city boundary),national,2010–2022,Linked to BTR/NIR cycle (multi-year),PDF (+ CRF tables referenced),Open,Not identified (UNFCCC public document),No,https://unfccc.int/sites/default/files/resource/Maroc%20-%20Rapport%20National%20d%27Inventaire%20-%20D%C3%A9cembre%202024.pdf,https://unfccc.int/documents/645214,Official national GHG inventory document with sectoral emissions and activity-data tables used for UNFCCC transparency reporting.,"National totals only; not city-level. Category structure follows IPCC CRF, not GPC. Many underlying operator datasets not published separately.",High,Primary official
Wastewater treatment & discharge,MAR-003,MAR-003-III.4,Indicateurs sectoriels — Énergie et eau 2010–2020,Portail Open Data Maroc,Activity,Energy and water sector indicators time series,III.4,Morocco (national),National,national,2010–2020,Static snapshot (last modified ~2022),XLSX,Open,Not identified,Unknown,https://data.gov.ma/data/dataset/indicateurs-sectoriels-energie-et-eau-2010-2020,https://data.gov.ma/data/dataset/indicateurs-sectoriels-energie-et-eau-2010-2020,Open Excel indicators for energy and water sectors over 2010–2020.,Ended at 2020; national only; indicator dictionary sparse.,Medium,Primary official
Wastewater treatment & discharge,MAR-008,MAR-008-III.4,Rapports financiers / volumes électricité — Lydec (Grand Casablanca),Lydec / AMMC filings (historically); SRM Casablanca-Settat from Oct 2024,Activity,Electricity sales volumes (GWh) for Grand Casablanca service area; wastewater/water volumes as supporting,III.4,Grand Casablanca (concession / SRM perimeter),Utility service area (~city/metro),other_or_mixed,Annual/quarterly series through 2024 transfer,Quarterly/annual filings when published,PDF,Open (filings),Not identified,No,https://www.ammc.ma/sites/default/files/Lydec_RFA_2024.pdf,https://www.ammc.ma/,Public financial reports disclosing electricity (and water/wastewater) volumes sold in Casablanca perimeter — rare city-scale utility activity data.,Customer-class split limited; institutional transition to SRM may change publication practice; not full GPC building stock.,High,Primary operator
Wastewater treatment & discharge,MAR-019,MAR-019-III.4,"Indicateurs assainissement liquide ONEE (STEP, population desservie)",ONEE — Branche Eau / Assainissement,Activity,Number of WWTPs; population served; treatment capacity; sewer network length,III.4,ONEE sanitation service cities/localities,Operator footprint (multi-city); not always plant-level open table,facility_or_asset,Snapshot indicators (e.g. end-2023),Periodic web updates / annual reports,HTML / PDF,Open (aggregates),Not identified,No,https://www.onep.org.ma/assainissement.htm,https://www.one.org.ma/,"ONEE sanitation KPIs: WWTP count, beneficiaries, capacity — activity proxies for wastewater emissions.",BOD/COD loads and process pathways rarely open; city-by-city plant performance not fully published.,Medium,Primary operator
Wastewater treatment & discharge,MAR-024,MAR-024-III.4,EDGAR GHG gridded & cities emissions,European Commission JRC (EDGAR),Emissions,Modeled sectoral GHG emissions; 0.1° grids; EDGAR Cities / settlement-type products for urban allocation,III.4,Global including Morocco,0.1° grid; 1 km settlement/city products,modeled_grid,1970–2024 (latest GHG release),Periodic major releases,NetCDF / CSV / Excel,Open,As stated by JRC (typically open research use),No (file download),https://edgar.jrc.ec.europa.eu/emissions_data_and_maps,https://edgar.jrc.ec.europa.eu/,Independent global emissions database with gridded and city products usable to approximate city-scale sector emissions when local activity data are missing.,Modeled downscaling; not official Moroccan inventory; weak for GPC BASIC+ detailed scopes without local calibration.,High,International modeled
Industrial processes,MAR-001,MAR-001-IV.1,Rapport National d’Inventaire des GES (NIR 2024) — série 2010–2022,Département du Développement Durable (Maroc) / UNFCCC,Emissions,"National GHG emissions by IPCC sector/category; activity data tables for energy, IPPU, AFOLU, waste; emission factors",IV.1,Morocco (national),National (no city boundary),national,2010–2022,Linked to BTR/NIR cycle (multi-year),PDF (+ CRF tables referenced),Open,Not identified (UNFCCC public document),No,https://unfccc.int/sites/default/files/resource/Maroc%20-%20Rapport%20National%20d%27Inventaire%20-%20D%C3%A9cembre%202024.pdf,https://unfccc.int/documents/645214,Official national GHG inventory document with sectoral emissions and activity-data tables used for UNFCCC transparency reporting.,"National totals only; not city-level. Category structure follows IPCC CRF, not GPC. Many underlying operator datasets not published separately.",High,Primary official
Industrial processes,MAR-002,MAR-002-IV.1,"Indicateurs sectoriels (agriculture, mines, énergie, eau, industrie, transport…)",Portail Open Data Maroc (data.gov.ma) — sources administratives consolidées,Activity,Energy balance indicators (ktep); livestock counts; crop areas/production; cement sales; mineral production; water; selected transport indicators,IV.1,Morocco (national),National,national,~2012–2022 (series in file; 2025 refresh available),Irregular / annual batches,XLSX,Open,ODbL (stated on portal resource),Unknown (CKAN API may exist),https://www.data.gov.ma/data/dataset/indicateurs-sectoriels-2012-2022,https://www.data.gov.ma/,"National open-data workbook of sectoral indicators including energy balance, livestock, crops, cement and other activity proxies.",Mostly national aggregates; metadata fields often incomplete on portal; city allocation requires additional proxies.,High,Primary official
Industrial processes,MAR-021,MAR-021-IV.1,Livraisons / ventes de ciment (APC / ministère Habitat),Association Professionnelle des Cimentiers (APC); cross-cited by producers & ministry,Activity,Cement dispatch/sales volumes (clinker/cement process activity proxy),IV.1,Morocco,National; plant locations known but production rarely open by plant,national,Monthly/annual commercial series,Monthly (trade press) / annual,Web / PDF / press,Partial Open,Not identified,No,https://apc.ma/,https://apc.ma/le-secteur-cimentier-integre/,Industry cement sales/dispatch statistics widely used as IPPU cement activity data; capacity and plant counts published by APC.,Process EF and plant-level clinker not fully open; some producers (non-APC) may be excluded depending on source.,High,Industry association
Industrial processes,MAR-024,MAR-024-IV.1,EDGAR GHG gridded & cities emissions,European Commission JRC (EDGAR),Emissions,Modeled sectoral GHG emissions; 0.1° grids; EDGAR Cities / settlement-type products for urban allocation,IV.1,Global including Morocco,0.1° grid; 1 km settlement/city products,modeled_grid,1970–2024 (latest GHG release),Periodic major releases,NetCDF / CSV / Excel,Open,As stated by JRC (typically open research use),No (file download),https://edgar.jrc.ec.europa.eu/emissions_data_and_maps,https://edgar.jrc.ec.europa.eu/,Independent global emissions database with gridded and city products usable to approximate city-scale sector emissions when local activity data are missing.,Modeled downscaling; not official Moroccan inventory; weak for GPC BASIC+ detailed scopes without local calibration.,High,International modeled
Industrial processes,MAR-025,MAR-025-IV.1,"Climate TRACE inventory (countries, assets, urban areas)",Climate TRACE,Emissions,"Modeled/facility emissions; urban-area inventories; sector assets (power, transport, waste, etc.)",IV.1,Global including Morocco,Asset / urban area / admin,modeled_grid,Monthly recent years (from ~2021),Periodic releases,CSV / API / web,Open,As stated by Climate TRACE,Yes,https://climatetrace.org/,https://climatetrace.org/,Global emissions inventory with asset-level and urban estimates useful as gap-fill and cross-check for Moroccan cities.,Not official; methods vary by sector; city boundaries may be Functional Urban Areas not administrative communes.,Medium,International modeled
Product use,MAR-001,MAR-001-IV.2,Rapport National d’Inventaire des GES (NIR 2024) — série 2010–2022,Département du Développement Durable (Maroc) / UNFCCC,Emissions,"National GHG emissions by IPCC sector/category; activity data tables for energy, IPPU, AFOLU, waste; emission factors",IV.2,Morocco (national),National (no city boundary),national,2010–2022,Linked to BTR/NIR cycle (multi-year),PDF (+ CRF tables referenced),Open,Not identified (UNFCCC public document),No,https://unfccc.int/sites/default/files/resource/Maroc%20-%20Rapport%20National%20d%27Inventaire%20-%20D%C3%A9cembre%202024.pdf,https://unfccc.int/documents/645214,Official national GHG inventory document with sectoral emissions and activity-data tables used for UNFCCC transparency reporting.,"National totals only; not city-level. Category structure follows IPCC CRF, not GPC. Many underlying operator datasets not published separately.",High,Primary official
Livestock,MAR-001,MAR-001-V.1,Rapport National d’Inventaire des GES (NIR 2024) — série 2010–2022,Département du Développement Durable (Maroc) / UNFCCC,Emissions,"National GHG emissions by IPCC sector/category; activity data tables for energy, IPPU, AFOLU, waste; emission factors",V.1,Morocco (national),National (no city boundary),national,2010–2022,Linked to BTR/NIR cycle (multi-year),PDF (+ CRF tables referenced),Open,Not identified (UNFCCC public document),No,https://unfccc.int/sites/default/files/resource/Maroc%20-%20Rapport%20National%20d%27Inventaire%20-%20D%C3%A9cembre%202024.pdf,https://unfccc.int/documents/645214,Official national GHG inventory document with sectoral emissions and activity-data tables used for UNFCCC transparency reporting.,"National totals only; not city-level. Category structure follows IPCC CRF, not GPC. Many underlying operator datasets not published separately.",High,Primary official
Livestock,MAR-002,MAR-002-V.1,"Indicateurs sectoriels (agriculture, mines, énergie, eau, industrie, transport…)",Portail Open Data Maroc (data.gov.ma) — sources administratives consolidées,Activity,Energy balance indicators (ktep); livestock counts; crop areas/production; cement sales; mineral production; water; selected transport indicators,V.1,Morocco (national),National,national,~2012–2022 (series in file; 2025 refresh available),Irregular / annual batches,XLSX,Open,ODbL (stated on portal resource),Unknown (CKAN API may exist),https://www.data.gov.ma/data/dataset/indicateurs-sectoriels-2012-2022,https://www.data.gov.ma/,"National open-data workbook of sectoral indicators including energy balance, livestock, crops, cement and other activity proxies.",Mostly national aggregates; metadata fields often incomplete on portal; city allocation requires additional proxies.,High,Primary official
Livestock,MAR-010,MAR-010-V.1,Annuaire statistique du Maroc (plateforme),HCP,Activity,"Cross-cutting socio-economic, demographic, industry, agriculture, transport tables for allocation proxies",V.1,Morocco,National; selected regional/provincial tables depending on indicator,state_or_province,Multi-year yearbooks,Annual,Web tables,Open,Not identified,Unknown,https://www.annuaire.hcp.ma/,https://www.hcp.ma/,Official statistical yearbook platform with thematic time series used as allocation and supporting activity data.,Variable geographic detail; energy consumption often not at city meter level.,High,Primary official
Livestock,MAR-022,MAR-022-V.1,Recensement national du cheptel 2025,Ministère de l’Agriculture (MAPMDREF),Activity,"Livestock populations by species (sheep, goats, cattle, camels)",V.1,Morocco (all provinces/prefectures surveyed),National totals published; provincial microdata not confirmed open,national,2025 census operation,Special census (not annual open release confirmed),Official announcements / press,Partial Open (aggregates),Not identified,No,https://www.agriculture.gov.ma/,https://www.agrimaroc.ma/operation-de-recensement-du-cheptel-national/,Nationwide livestock census totals by species — core AFOLU livestock activity data.,Detailed manure-management systems and municipal farm locations not in public release; city inventories need spatial allocation.,High,Primary official
Livestock,MAR-024,MAR-024-V.1,EDGAR GHG gridded & cities emissions,European Commission JRC (EDGAR),Emissions,Modeled sectoral GHG emissions; 0.1° grids; EDGAR Cities / settlement-type products for urban allocation,V.1,Global including Morocco,0.1° grid; 1 km settlement/city products,modeled_grid,1970–2024 (latest GHG release),Periodic major releases,NetCDF / CSV / Excel,Open,As stated by JRC (typically open research use),No (file download),https://edgar.jrc.ec.europa.eu/emissions_data_and_maps,https://edgar.jrc.ec.europa.eu/,Independent global emissions database with gridded and city products usable to approximate city-scale sector emissions when local activity data are missing.,Modeled downscaling; not official Moroccan inventory; weak for GPC BASIC+ detailed scopes without local calibration.,High,International modeled
Livestock,MAR-028,MAR-028-V.1,"FAOSTAT (crops, livestock, fertilizers, land)",FAO,Activity,National crop production/area; livestock; fertilizer; land-use statistics,V.1,Morocco (national in FAOSTAT),National,modeled_grid,Long time series,Annual,CSV / API,Open,CC / FAO terms,Yes,https://www.fao.org/faostat/en/#data,https://www.fao.org/faostat/en/#home,International agricultural statistics for Morocco useful as activity defaults and cross-checks.,National only; may lag or differ from MAPMDREF; city allocation needed.,High,International official
Land,MAR-001,MAR-001-V.2,Rapport National d’Inventaire des GES (NIR 2024) — série 2010–2022,Département du Développement Durable (Maroc) / UNFCCC,Emissions,"National GHG emissions by IPCC sector/category; activity data tables for energy, IPPU, AFOLU, waste; emission factors",V.2,Morocco (national),National (no city boundary),national,2010–2022,Linked to BTR/NIR cycle (multi-year),PDF (+ CRF tables referenced),Open,Not identified (UNFCCC public document),No,https://unfccc.int/sites/default/files/resource/Maroc%20-%20Rapport%20National%20d%27Inventaire%20-%20D%C3%A9cembre%202024.pdf,https://unfccc.int/documents/645214,Official national GHG inventory document with sectoral emissions and activity-data tables used for UNFCCC transparency reporting.,"National totals only; not city-level. Category structure follows IPCC CRF, not GPC. Many underlying operator datasets not published separately.",High,Primary official
Land,MAR-023,MAR-023-V.2,Inventaire Forestier National / statistiques forestières ANEF,Agence Nationale des Eaux et Forêts (ANEF) / ex-HCEFLCD,Activity,"Forest area, species composition, standing volume; reforestation balances",V.2,Morocco,Administrative/forest mapping units; national aggregates commonly cited,national,IFN cycles (~1990–2005; later updates 2005–2015 referenced in FRA),Multi-year inventory cycles,Reports / FRA submissions; geospatial not always open-download,Partial Open,Not identified,No,https://www.fao.org/forest-resources-assessment/current-assessment/country-reports/en/,https://www.eauxetforets.gov.ma/,National forest inventory underpinning LULUCF activity data and FRA reporting.,High-resolution rasters may not be openly downloadable; update lag; city tree canopy needs separate products.,Medium,Primary official
Land,MAR-024,MAR-024-V.2,EDGAR GHG gridded & cities emissions,European Commission JRC (EDGAR),Emissions,Modeled sectoral GHG emissions; 0.1° grids; EDGAR Cities / settlement-type products for urban allocation,V.2,Global including Morocco,0.1° grid; 1 km settlement/city products,modeled_grid,1970–2024 (latest GHG release),Periodic major releases,NetCDF / CSV / Excel,Open,As stated by JRC (typically open research use),No (file download),https://edgar.jrc.ec.europa.eu/emissions_data_and_maps,https://edgar.jrc.ec.europa.eu/,Independent global emissions database with gridded and city products usable to approximate city-scale sector emissions when local activity data are missing.,Modeled downscaling; not official Moroccan inventory; weak for GPC BASIC+ detailed scopes without local calibration.,High,International modeled
Land,MAR-025,MAR-025-V.2,"Climate TRACE inventory (countries, assets, urban areas)",Climate TRACE,Emissions,"Modeled/facility emissions; urban-area inventories; sector assets (power, transport, waste, etc.)",V.2,Global including Morocco,Asset / urban area / admin,modeled_grid,Monthly recent years (from ~2021),Periodic releases,CSV / API / web,Open,As stated by Climate TRACE,Yes,https://climatetrace.org/,https://climatetrace.org/,Global emissions inventory with asset-level and urban estimates useful as gap-fill and cross-check for Moroccan cities.,Not official; methods vary by sector; city boundaries may be Functional Urban Areas not administrative communes.,Medium,International modeled
Land,MAR-026,MAR-026-V.2,Global Forest Watch tree-cover / forest-change layers,World Resources Institute / partners,Activity,Tree-cover extent and change for land-sector spatial analysis,V.2,Global including Morocco,Raster (up to ~30 m / 1 km products depending on layer),modeled_grid,2000–present (product-dependent),Annual / continuous,Raster / web map,Open,Varies by layer (commonly CC-BY),Yes (limited),https://www.globalforestwatch.org/,https://www.globalforestwatch.org/,Remote-sensing forest/tree-cover change data for spatial LULUCF proxies inside city boundaries.,Definitions differ from national forest inventory; arid ecosystems and tree crops need careful interpretation.,High,International RS
Land,MAR-027,MAR-027-V.2,ESA WorldCover / Copernicus land-cover products,ESA / Copernicus,Activity,Land cover / land-use classes for LULUCF and spatial allocation,V.2,Global including Morocco,10 m (WorldCover),modeled_grid,Recent annual epochs (e.g. 2020/2021 products),Product-dependent,GeoTIFF,Open,As stated by ESA/Copernicus,Yes (STAC/hubs),https://esa-worldcover.org/,https://esa-worldcover.org/,High-resolution global land-cover maps usable for city land accounting and activity spatialization.,Not carbon stocks; transitions require multi-date analysis; not a substitute for national LULUCF inventory.,High,International RS
Land,MAR-028,MAR-028-V.2,"FAOSTAT (crops, livestock, fertilizers, land)",FAO,Activity,National crop production/area; livestock; fertilizer; land-use statistics,V.2,Morocco (national in FAOSTAT),National,modeled_grid,Long time series,Annual,CSV / API,Open,CC / FAO terms,Yes,https://www.fao.org/faostat/en/#data,https://www.fao.org/faostat/en/#home,International agricultural statistics for Morocco useful as activity defaults and cross-checks.,National only; may lag or differ from MAPMDREF; city allocation needed.,High,International official
Aggregate sources & non-CO₂ emissions sources on land,MAR-001,MAR-001-V.3,Rapport National d’Inventaire des GES (NIR 2024) — série 2010–2022,Département du Développement Durable (Maroc) / UNFCCC,Emissions,"National GHG emissions by IPCC sector/category; activity data tables for energy, IPPU, AFOLU, waste; emission factors",V.3,Morocco (national),National (no city boundary),national,2010–2022,Linked to BTR/NIR cycle (multi-year),PDF (+ CRF tables referenced),Open,Not identified (UNFCCC public document),No,https://unfccc.int/sites/default/files/resource/Maroc%20-%20Rapport%20National%20d%27Inventaire%20-%20D%C3%A9cembre%202024.pdf,https://unfccc.int/documents/645214,Official national GHG inventory document with sectoral emissions and activity-data tables used for UNFCCC transparency reporting.,"National totals only; not city-level. Category structure follows IPCC CRF, not GPC. Many underlying operator datasets not published separately.",High,Primary official
Aggregate sources & non-CO₂ emissions sources on land,MAR-002,MAR-002-V.3,"Indicateurs sectoriels (agriculture, mines, énergie, eau, industrie, transport…)",Portail Open Data Maroc (data.gov.ma) — sources administratives consolidées,Activity,Energy balance indicators (ktep); livestock counts; crop areas/production; cement sales; mineral production; water; selected transport indicators,V.3,Morocco (national),National,national,~2012–2022 (series in file; 2025 refresh available),Irregular / annual batches,XLSX,Open,ODbL (stated on portal resource),Unknown (CKAN API may exist),https://www.data.gov.ma/data/dataset/indicateurs-sectoriels-2012-2022,https://www.data.gov.ma/,"National open-data workbook of sectoral indicators including energy balance, livestock, crops, cement and other activity proxies.",Mostly national aggregates; metadata fields often incomplete on portal; city allocation requires additional proxies.,High,Primary official
Aggregate sources & non-CO₂ emissions sources on land,MAR-010,MAR-010-V.3,Annuaire statistique du Maroc (plateforme),HCP,Activity,"Cross-cutting socio-economic, demographic, industry, agriculture, transport tables for allocation proxies",V.3,Morocco,National; selected regional/provincial tables depending on indicator,state_or_province,Multi-year yearbooks,Annual,Web tables,Open,Not identified,Unknown,https://www.annuaire.hcp.ma/,https://www.hcp.ma/,Official statistical yearbook platform with thematic time series used as allocation and supporting activity data.,Variable geographic detail; energy consumption often not at city meter level.,High,Primary official
Aggregate sources & non-CO₂ emissions sources on land,MAR-024,MAR-024-V.3,EDGAR GHG gridded & cities emissions,European Commission JRC (EDGAR),Emissions,Modeled sectoral GHG emissions; 0.1° grids; EDGAR Cities / settlement-type products for urban allocation,V.3,Global including Morocco,0.1° grid; 1 km settlement/city products,modeled_grid,1970–2024 (latest GHG release),Periodic major releases,NetCDF / CSV / Excel,Open,As stated by JRC (typically open research use),No (file download),https://edgar.jrc.ec.europa.eu/emissions_data_and_maps,https://edgar.jrc.ec.europa.eu/,Independent global emissions database with gridded and city products usable to approximate city-scale sector emissions when local activity data are missing.,Modeled downscaling; not official Moroccan inventory; weak for GPC BASIC+ detailed scopes without local calibration.,High,International modeled
Aggregate sources & non-CO₂ emissions sources on land,MAR-027,MAR-027-V.3,ESA WorldCover / Copernicus land-cover products,ESA / Copernicus,Activity,Land cover / land-use classes for LULUCF and spatial allocation,V.3,Global including Morocco,10 m (WorldCover),modeled_grid,Recent annual epochs (e.g. 2020/2021 products),Product-dependent,GeoTIFF,Open,As stated by ESA/Copernicus,Yes (STAC/hubs),https://esa-worldcover.org/,https://esa-worldcover.org/,High-resolution global land-cover maps usable for city land accounting and activity spatialization.,Not carbon stocks; transitions require multi-date analysis; not a substitute for national LULUCF inventory.,High,International RS
Aggregate sources & non-CO₂ emissions sources on land,MAR-028,MAR-028-V.3,"FAOSTAT (crops, livestock, fertilizers, land)",FAO,Activity,National crop production/area; livestock; fertilizer; land-use statistics,V.3,Morocco (national in FAOSTAT),National,modeled_grid,Long time series,Annual,CSV / API,Open,CC / FAO terms,Yes,https://www.fao.org/faostat/en/#data,https://www.fao.org/faostat/en/#home,International agricultural statistics for Morocco useful as activity defaults and cross-checks.,National only; may lag or differ from MAPMDREF; city allocation needed.,High,International official
Other Scope 3,MAR-010,MAR-010-VI.1,Annuaire statistique du Maroc (plateforme),HCP,Activity,"Cross-cutting socio-economic, demographic, industry, agriculture, transport tables for allocation proxies",VI.1,Morocco,National; selected regional/provincial tables depending on indicator,state_or_province,Multi-year yearbooks,Annual,Web tables,Open,Not identified,Unknown,https://www.annuaire.hcp.ma/,https://www.hcp.ma/,Official statistical yearbook platform with thematic time series used as allocation and supporting activity data.,Variable geographic detail; energy consumption often not at city meter level.,High,Primary official
Other Scope 3,MAR-029,MAR-029-VI.1,Plans Climat Territoriaux (PCT) — analyses GES régionales (ex. Casablanca-Settat),Régions / Département Environnement (project outputs; e.g. ECI references),Emissions,Regional GHG diagnostics and priority sectors (supporting city inventory scoping),VI.1,Selected Moroccan regions (6-region PCT program),Region,state_or_province,Project baseline years (varies),One-off project documents,PDF reports (availability uneven),Partial / Restricted (many reports not systematically open),Not identified,No,https://eci.ma/en/projets/elaboration-dun-plan-climat-territorial-pour-la-region-de-casablanca-settat/,https://environnement.gov.ma/,Territorial climate plans include regional GHG analyses that can inform city inventory boundaries and data leads.,Underlying datasets often not published; methods/documentation incomplete publicly; not GPC city inventories.,Low,Subnational project
